-- MySQL dump 10.13  Distrib 8.0.26, for Linux (x86_64)
--
-- Host: mbmchairs-1.clixdlxfurk4.ap-south-1.rds.amazonaws.com    Database: mbmconsoledb
-- ------------------------------------------------------
-- Server version	8.0.23

/*!40101 SET @OLD_CHARACTER_SET_CLIENT=@@CHARACTER_SET_CLIENT */;
/*!40101 SET @OLD_CHARACTER_SET_RESULTS=@@CHARACTER_SET_RESULTS */;
/*!40101 SET @OLD_COLLATION_CONNECTION=@@COLLATION_CONNECTION */;
/*!50503 SET NAMES utf8 */;
/*!40103 SET @OLD_TIME_ZONE=@@TIME_ZONE */;
/*!40103 SET TIME_ZONE='+00:00' */;
/*!40014 SET @OLD_UNIQUE_CHECKS=@@UNIQUE_CHECKS, UNIQUE_CHECKS=0 */;
/*!40014 SET @OLD_FOREIGN_KEY_CHECKS=@@FOREIGN_KEY_CHECKS, FOREIGN_KEY_CHECKS=0 */;
/*!40101 SET @OLD_SQL_MODE=@@SQL_MODE, SQL_MODE='NO_AUTO_VALUE_ON_ZERO' */;
/*!40111 SET @OLD_SQL_NOTES=@@SQL_NOTES, SQL_NOTES=0 */;
SET @MYSQLDUMP_TEMP_LOG_BIN = @@SESSION.SQL_LOG_BIN;
SET @@SESSION.SQL_LOG_BIN= 0;

--
-- GTID state at the beginning of the backup 
--

SET @@GLOBAL.GTID_PURGED=/*!80000 '+'*/ '';

--
-- Table structure for table `address`
--

DROP TABLE IF EXISTS `address`;
/*!40101 SET @saved_cs_client     = @@character_set_client */;
/*!50503 SET character_set_client = utf8mb4 */;
CREATE TABLE `address` (
  `ADDRESS_ID` int NOT NULL AUTO_INCREMENT,
  `MEMBER_ID` int DEFAULT NULL,
  `FIRSTNAME` varchar(245) DEFAULT NULL,
  `MIDDLENAME` varchar(245) DEFAULT NULL,
  `LASTNAME` varchar(245) DEFAULT NULL,
  `ADDRESSLINE1` varchar(245) DEFAULT NULL,
  `ADDRESSLINE2` varchar(245) DEFAULT NULL,
  `LANDMARK` varchar(245) DEFAULT NULL,
  `CITY` varchar(245) DEFAULT NULL,
  `STATE` varchar(245) DEFAULT NULL,
  `COUNTRY` varchar(245) DEFAULT NULL,
  `ZIPCODE` varchar(45) DEFAULT NULL,
  `EMAIL1` varchar(245) DEFAULT NULL,
  `EMAIL2` varchar(245) DEFAULT NULL,
  `PHONE1` varchar(45) DEFAULT NULL,
  `PHONE2` varchar(45) DEFAULT NULL,
  `MOBILE1` varchar(45) DEFAULT NULL,
  `MOBILE1CODE` varchar(45) DEFAULT NULL,
  `MOBILE2` varchar(45) DEFAULT NULL,
  `MOBILE2CODE` varchar(45) DEFAULT NULL,
  `FAX1` varchar(45) DEFAULT NULL,
  `GENDER` varchar(45) DEFAULT NULL,
  `BLOODTYPE` varchar(45) DEFAULT NULL,
  `PANNO` varchar(245) DEFAULT NULL,
  `VOTERID` varchar(245) DEFAULT NULL,
  `AADHAARID` varchar(245) DEFAULT NULL,
  `PASSPORTID` varchar(245) DEFAULT NULL,
  `ADDRESSTYPE` varchar(45) DEFAULT NULL,
  `ADDRESSFOR` varchar(45) DEFAULT NULL,
  `DL` varchar(245) DEFAULT NULL,
  `FIELD1` varchar(245) DEFAULT NULL,
  `FIELD2` varchar(245) DEFAULT NULL,
  `company` varchar(255) DEFAULT NULL,
  `gstin` varchar(255) DEFAULT NULL,
  PRIMARY KEY (`ADDRESS_ID`),
  KEY `ADDRESS_FK1_idx` (`MEMBER_ID`),
  CONSTRAINT `ADDRESS_FK1` FOREIGN KEY (`MEMBER_ID`) REFERENCES `user` (`USER_ID`)
) ENGINE=InnoDB AUTO_INCREMENT=92 DEFAULT CHARSET=utf8;
/*!40101 SET character_set_client = @saved_cs_client */;

--
-- Dumping data for table `address`
--

LOCK TABLES `address` WRITE;
/*!40000 ALTER TABLE `address` DISABLE KEYS */;
INSERT INTO `address` VALUES (1,1,'Vikrant',NULL,'Singh','Sector-63',NULL,'Sector-63','Noida','Uttar Pradesh','India','201301','usamarath478@gmail.com',NULL,NULL,NULL,'9178513603','+91',NULL,NULL,NULL,NULL,NULL,NULL,NULL,NULL,NULL,'O','SB',NULL,NULL,NULL,NULL,NULL),(2,2,'Umasankar',NULL,'Samarath','undefined',NULL,'Sector-63','Noida','Uttar Pradesh','India','201301','usamarath478@gmail.com',NULL,'898989898',NULL,'9178513603','+91',NULL,NULL,NULL,NULL,NULL,'FDWPS7793N',NULL,NULL,NULL,'H','SB',NULL,NULL,NULL,'CEBS','06AALCA6783C1ZL'),(3,3,'Umasankar',NULL,'Samarath','Noida',NULL,'Sector-63','Noida','Uttar Pradesh','India','201301','undefined',NULL,'undefined',NULL,'undefined','+91',NULL,NULL,NULL,NULL,NULL,'undefined',NULL,NULL,NULL,'H','SB',NULL,NULL,NULL,'undefined','GSFYFGAHGHGSH452'),(4,4,'Abdul',NULL,'W','Sector-63-980',NULL,'Sector-63','Pune','Maharashtra','India','201301','usamarath478@gmail.com',NULL,'',NULL,'9178513603','+91',NULL,NULL,NULL,NULL,NULL,'987698760',NULL,NULL,NULL,'H','SB',NULL,NULL,NULL,'','1234567'),(5,5,'Vipin',NULL,'Samarath','undefined',NULL,NULL,'Pune','Maharashtra','India','','vipin@gmail.com',NULL,'',NULL,'98989898989','+91',NULL,NULL,NULL,NULL,NULL,'',NULL,NULL,NULL,'O','SB',NULL,NULL,NULL,'Shree Traders',''),(6,6,'Umasankar',NULL,'Samarath','undefined',NULL,NULL,'Noida','Uttar Pradesh','India','201301','usamarath478@gmail.com',NULL,'5454545',NULL,'9178513603','+91',NULL,NULL,NULL,NULL,NULL,'',NULL,NULL,NULL,'O','SB',NULL,NULL,NULL,'CEBS','06AALCA6783C1ZL'),(7,7,'uma',NULL,'Samarath','Plot No-25, Sector-32',NULL,NULL,'Noida','Uttar Pradesh','India','201306','uma@gmail.com',NULL,'',NULL,'9178513603','+91',NULL,NULL,NULL,NULL,NULL,'',NULL,NULL,NULL,'O','SB',NULL,NULL,NULL,'MBM',''),(8,8,'JothishKumar ',NULL,'SP','Chennai',NULL,NULL,'Ambattur','Tamil Nadu','India','600083','TEST0011@gmail.com',NULL,'0442131313131311',NULL,'8056805053','+91',NULL,NULL,NULL,NULL,NULL,'TEST0011',NULL,NULL,NULL,'O','SB',NULL,NULL,NULL,'MBM Chairs ','TEST0011'),(10,12,'Avinash ',NULL,'Singh','undefined',NULL,NULL,'Siliguri','West Bengal','India','734005','mbmchairavinash@gmail.com',NULL,'7384134971',NULL,'','+91',NULL,NULL,NULL,NULL,NULL,'',NULL,NULL,NULL,'O','SB',NULL,NULL,NULL,'srvtech',''),(11,13,'Prabhu',NULL,'Raj','undefined',NULL,NULL,'Chennai','Tamil Nadu','India','600075','test@gmail.com',NULL,'9710942522',NULL,'9710942522','+91',NULL,NULL,NULL,NULL,NULL,'25E65D',NULL,NULL,NULL,'O','SB',NULL,NULL,NULL,'Customer Broadcast',''),(12,20,'Jai',NULL,'Ganesh','undefined',NULL,NULL,'Vellore','Tamil Nadu','India','','',NULL,'',NULL,'','+91',NULL,NULL,NULL,NULL,NULL,'',NULL,NULL,NULL,'O','SB',NULL,NULL,NULL,'',''),(13,24,'USS',NULL,'SMA','undefined',NULL,NULL,'Noida','Uttar Pradesh','India','201308','uma@gmail.com',NULL,'5454545',NULL,'9178513603','+91',NULL,NULL,NULL,NULL,NULL,'FDWPS7793N',NULL,NULL,NULL,'O','SB',NULL,NULL,NULL,'CEBS','AGSFSFJH45454'),(14,25,'Umasankar',NULL,'Samarath','ghhgdgh',NULL,NULL,'Noida','Uttar Pradesh','India','201301','uma@gmail.com',NULL,'',NULL,'9178513603','+91',NULL,NULL,NULL,NULL,NULL,'FDWPS7793N',NULL,NULL,NULL,'O','SB',NULL,NULL,NULL,'CEBS','AGSFSFJH45454'),(15,26,'vikrant ',NULL,'singh','abcd',NULL,NULL,'Noida','Uttar Pradesh','India','734005','abc@gmail.com',NULL,'7384134971',NULL,'','+91',NULL,NULL,NULL,NULL,NULL,'',NULL,NULL,NULL,'O','SB',NULL,NULL,NULL,'abcde',''),(16,27,'usssss',NULL,'ssss','ff',NULL,NULL,'Guna','Madhya Pradesh','India','201301','uma@gmail.com',NULL,'5454545',NULL,'9178513603','+91',NULL,NULL,NULL,NULL,NULL,'FDWPS7793N',NULL,NULL,NULL,'O','SB',NULL,NULL,NULL,'CEBS','AGSFSFJH45454'),(17,28,'vikrant',NULL,'singh','abcd',NULL,NULL,'Noida','Uttar Pradesh','India','734005','abc@gmail.com',NULL,'',NULL,'07384134971','+91',NULL,NULL,NULL,NULL,NULL,'',NULL,NULL,NULL,'O','SB',NULL,NULL,NULL,'abcde',''),(18,29,'Jai',NULL,'Ganesh','',NULL,NULL,'Chennai','Tamil Nadu','India','','',NULL,'',NULL,'','+91',NULL,NULL,NULL,NULL,NULL,'',NULL,NULL,NULL,'O','SB',NULL,NULL,NULL,'',''),(19,30,'Jai',NULL,'Ganesh','',NULL,NULL,'Chennai','Tamil Nadu','India','','',NULL,'',NULL,'','+91',NULL,NULL,NULL,NULL,NULL,'',NULL,NULL,NULL,'O','SB',NULL,NULL,NULL,'',''),(20,32,'bakya',NULL,'t','',NULL,NULL,'Chennai','Tamil Nadu','India','','backiyavalli@gmail.com',NULL,'',NULL,'','+91',NULL,NULL,NULL,NULL,NULL,'',NULL,NULL,NULL,'O','SB',NULL,NULL,NULL,'CB',''),(21,33,'xxx',NULL,'aa','',NULL,NULL,'Warangal','Telangana','India','','',NULL,'',NULL,'','+91',NULL,NULL,NULL,NULL,NULL,'',NULL,NULL,NULL,'O','SB',NULL,NULL,NULL,'',''),(22,34,'test dealer',NULL,'cb','',NULL,NULL,'Chennai','Tamil Nadu','India','','cb@gmail.com',NULL,'121344cdddddd',NULL,'','+91',NULL,NULL,NULL,NULL,NULL,'',NULL,NULL,NULL,'O','SB',NULL,NULL,NULL,'',''),(23,35,'test dis',NULL,'cb','',NULL,NULL,'New Delhi','Delhi','India','','',NULL,'',NULL,'','+91',NULL,NULL,NULL,NULL,NULL,'',NULL,NULL,NULL,'O','SB',NULL,NULL,NULL,'',''),(24,36,'Bakya',NULL,'T','Guindy, Chennai',NULL,NULL,'Chennai','Tamil Nadu','India','600096','test@gmail.com',NULL,'',NULL,'9846466565','+91',NULL,NULL,NULL,NULL,NULL,'',NULL,NULL,NULL,'O','SB',NULL,NULL,NULL,'CB',''),(25,37,'xxx',NULL,'yyy','guindy',NULL,NULL,'Chennai','Tamil Nadu','India','','abc@gmail.com',NULL,'',NULL,'','+91',NULL,NULL,NULL,NULL,NULL,'',NULL,NULL,NULL,'O','SB',NULL,NULL,NULL,'TEST',''),(26,38,'dsjnks',NULL,'njsdn','',NULL,NULL,'Tiruvottiyur','Tamil Nadu','India','','',NULL,'',NULL,'','+91',NULL,NULL,NULL,NULL,NULL,'',NULL,NULL,NULL,'O','SB',NULL,NULL,NULL,'ndjvj',''),(27,39,'gdg',NULL,'jdsfn','',NULL,NULL,'Kirari Suleman Nagar','Delhi','India','','vjdb@gmail.com',NULL,'',NULL,'','+91',NULL,NULL,NULL,NULL,NULL,'',NULL,NULL,NULL,'O','SB',NULL,NULL,NULL,'djn',''),(28,41,'xvnsjdn',NULL,'vsd','',NULL,NULL,'Kirari Suleman Nagar','Delhi','India','','badhab@gmail.com',NULL,'',NULL,'','+91',NULL,NULL,NULL,NULL,NULL,'',NULL,NULL,NULL,'O','SB',NULL,NULL,NULL,'sdv',''),(29,42,'123',NULL,'123','',NULL,NULL,'Avadi','Tamil Nadu','India','','',NULL,'',NULL,'','+91',NULL,NULL,NULL,NULL,NULL,'',NULL,NULL,NULL,'O','SB',NULL,NULL,NULL,'',''),(30,43,'sd',NULL,'sdf','',NULL,NULL,'Raipur','Chhattisgarh','India','','',NULL,'',NULL,'','+91',NULL,NULL,NULL,NULL,NULL,'',NULL,NULL,NULL,'O','SB',NULL,NULL,NULL,'',''),(31,45,'1212213',NULL,'21312312','',NULL,NULL,'Ranchi','Jharkhand','India','','',NULL,'',NULL,'','+91',NULL,NULL,NULL,NULL,NULL,'',NULL,NULL,NULL,'O','SB',NULL,NULL,NULL,'',''),(32,46,'hjkkjhk',NULL,'hjkhjk','',NULL,NULL,'Panchkula','Haryana','India','','',NULL,'',NULL,'','+91',NULL,NULL,NULL,NULL,NULL,'',NULL,NULL,NULL,'O','SB',NULL,NULL,NULL,'',''),(33,47,'56456456',NULL,'546546','',NULL,NULL,'Salem','Tamil Nadu','India','','',NULL,'',NULL,'','+91',NULL,NULL,NULL,NULL,NULL,'',NULL,NULL,NULL,'O','SB',NULL,NULL,NULL,'',''),(34,48,'dbfghjghjkghkhj',NULL,'hgjkghkghjk','',NULL,NULL,'Siliguri','West Bengal','India','','',NULL,'',NULL,'','+91',NULL,NULL,NULL,NULL,NULL,'',NULL,NULL,NULL,'O','SB',NULL,NULL,NULL,'',''),(35,49,'Ganesh',NULL,'Ganesh','',NULL,NULL,'Singrauli','Madhya Pradesh','India','','',NULL,'',NULL,'','+91',NULL,NULL,NULL,NULL,NULL,'',NULL,NULL,NULL,'O','SB',NULL,NULL,NULL,'',''),(36,58,'Firstname',NULL,'Lastname','address1',NULL,NULL,'Siliguri','West Bengal','India','987654','test@mail.com',NULL,'9051547754',NULL,'9051547754','+91',NULL,NULL,NULL,NULL,NULL,'123456',NULL,NULL,NULL,'O','SB',NULL,NULL,NULL,'TestCompany','123456'),(39,NULL,'Test',NULL,'Boris','address1',NULL,NULL,'Siliguri','West Bengal','India','987654','boris@mail.com',NULL,'9051547754',NULL,'9051547754','+91',NULL,NULL,NULL,NULL,NULL,'123456',NULL,NULL,NULL,'O','SB',NULL,NULL,NULL,'TestCompany','123456'),(41,NULL,'Test',NULL,'Boris','address1',NULL,NULL,'Siliguri','West Bengal','India','987654','boris@mail.com',NULL,'9051547754',NULL,'9051547754','+91',NULL,NULL,NULL,NULL,NULL,'123456',NULL,NULL,NULL,'O','SB',NULL,NULL,NULL,'TestCompany','123456'),(42,NULL,'Testing2',NULL,'Boris','address1',NULL,NULL,'Siliguri','West Bengal','India','987654','boris@mail.com',NULL,'9051547754',NULL,'9051547754','+91',NULL,NULL,NULL,NULL,NULL,'123456',NULL,NULL,NULL,'O','SB',NULL,NULL,NULL,'TestCompany','123456'),(43,NULL,'Testing2',NULL,'Boris','address1',NULL,NULL,'Siliguri','West Bengal','India','987654','boris@mail.com',NULL,'9051547754',NULL,'9051547754','+91',NULL,NULL,NULL,NULL,NULL,'123456',NULL,NULL,NULL,'O','SB',NULL,NULL,NULL,'TestCompany','123456'),(44,NULL,'Testing2',NULL,'Boris','address1',NULL,NULL,'Siliguri','West Bengal','India','987654','boris@mail.com',NULL,'9051547754',NULL,'9051547754','+91',NULL,NULL,NULL,NULL,NULL,'123456',NULL,NULL,NULL,'O','SB',NULL,NULL,NULL,'TestCompany','123456'),(45,NULL,'Testyname',NULL,'lasttest','undefined',NULL,NULL,'Pune','Maharashtra','India','8987654','test098@mail.com',NULL,'8574876486',NULL,'9043578748','+91',NULL,NULL,NULL,NULL,NULL,'weo7385',NULL,NULL,NULL,'O','SB',NULL,NULL,NULL,'ABC','92373584375'),(46,NULL,'Boris Test',NULL,'TestName','undefined',NULL,NULL,'Rewa','Madhya Pradesh','India','35674564','cbd@mail.com',NULL,'8678576587',NULL,'9859687','+91',NULL,NULL,NULL,NULL,NULL,'049695778',NULL,NULL,NULL,'O','SB',NULL,NULL,NULL,'CBD','8735874854'),(47,NULL,'uyruyu',NULL,'eiuiufi','undefined',NULL,NULL,'Vijayanagaram','Andhra Pradesh','India','745648','dufyud@mail.com',NULL,'46576475',NULL,'7675674','+91',NULL,NULL,NULL,NULL,NULL,'84568647',NULL,NULL,NULL,'O','SB',NULL,NULL,NULL,'suyfduf','6736547'),(48,NULL,'VikrantTest',NULL,'Signh','undefined',NULL,NULL,'Kirari Suleman Nagar','Delhi','India','0998765','test7654@mail.com',NULL,'48574584785',NULL,'947584758','+91',NULL,NULL,NULL,NULL,NULL,'9384758436746',NULL,NULL,NULL,'O','SB',NULL,NULL,NULL,'MNN','934758465847'),(49,NULL,'TestTwo',NULL,'Three','undefined',NULL,NULL,'Kalyan-Dombivli','Maharashtra','India','9087654','test@mail.com',NULL,'746574657465',NULL,'64765476576','+91',NULL,NULL,NULL,NULL,NULL,'928374837',NULL,NULL,NULL,'O','SB',NULL,NULL,NULL,'MBC','4975847584'),(50,NULL,'UserName',NULL,'Userlastname','undefined',NULL,NULL,'Kolkata','West Bengal','India','987654','user@mail.com',NULL,'475847584',NULL,'84584578','+91',NULL,NULL,NULL,NULL,NULL,'95849854985948',NULL,NULL,NULL,'O','SB',NULL,NULL,NULL,'ABC Co','39849859459'),(51,NULL,'TestBo',NULL,'TestBis','test address',NULL,NULL,'Eluru','Andhra Pradesh','India','098765','bobisw@mail.com',NULL,'8475487584',NULL,'4854875','+91',NULL,NULL,NULL,NULL,NULL,'846574657',NULL,NULL,NULL,'O','SB',NULL,NULL,NULL,'BoBis','845746574'),(52,NULL,'BoBis',NULL,'Biswas','test address',NULL,NULL,'Maheshtala','West Bengal','India','98765','bobisw@mail.com',NULL,'736746574',NULL,'56476574657','+91',NULL,NULL,NULL,NULL,NULL,'74564765',NULL,NULL,NULL,'O','SB',NULL,NULL,NULL,'BoBis','73647564'),(53,NULL,'bb',NULL,'bb','bb test bb',NULL,NULL,'Kota','Rajasthan','India','098765','bb@mail.com',NULL,'454545454',NULL,'345454545','+91',NULL,NULL,NULL,NULL,NULL,'343434343',NULL,NULL,NULL,'O','SB',NULL,NULL,NULL,'bb','345454545'),(54,NULL,'MBM',NULL,'MBM','test address',NULL,NULL,'Kolkata','West Bengal','India','908765','mbm@mail.com',NULL,'986958695',NULL,'9489565986','+91',NULL,NULL,NULL,NULL,NULL,'984758475874',NULL,NULL,NULL,'O','SB',NULL,NULL,NULL,'MBM','48758768576'),(55,NULL,'MBM',NULL,'MBM','test address',NULL,NULL,'Khammam','Telangana','India','890765','mbm@mail.com',NULL,'847585768',NULL,'49755655876857','+91',NULL,NULL,NULL,NULL,NULL,'475986587685',NULL,NULL,NULL,'O','SB',NULL,NULL,NULL,'MBM','8347587685'),(56,NULL,'MBM',NULL,'MBM','test address',NULL,NULL,'Coimbatore','Tamil Nadu','India','890765','mbm@mail.com',NULL,'9087654321',NULL,'9087654431','+91',NULL,NULL,NULL,NULL,NULL,'768940998',NULL,NULL,NULL,'O','SB',NULL,NULL,NULL,'MBM','567383993009'),(57,NULL,'MBM',NULL,'MBM','test address',NULL,NULL,'Jamnagar','Gujarat','India','908765','mbm@mail.com',NULL,'854875748',NULL,'897638473847','+91',NULL,NULL,NULL,NULL,NULL,'94895486',NULL,NULL,NULL,'O','SB',NULL,NULL,NULL,'MBM','847584784'),(58,NULL,'MBM',NULL,'MBM','test address',NULL,NULL,'Rajkot','Gujarat','India','890765','mbm@mail.com',NULL,'985768567',NULL,'986586758','+91',NULL,NULL,NULL,NULL,NULL,'89488695',NULL,NULL,NULL,'O','SB',NULL,NULL,NULL,'MBM','49854985490945'),(59,NULL,'MBM',NULL,'MBM','Test Address',NULL,NULL,'Kolkata','West Bengal','India','908765','mbm@mail.com',NULL,'586758768',NULL,'785675867','+91',NULL,NULL,NULL,NULL,NULL,'586758678',NULL,NULL,NULL,'O','SB',NULL,NULL,NULL,'MBM','85765876'),(60,NULL,'MBM2',NULL,'MBM2','test address',NULL,NULL,'Pune','Maharashtra','India','845678','mbm2@mail.com',NULL,'84576587',NULL,'845675876','+91',NULL,NULL,NULL,NULL,NULL,'497565867',NULL,NULL,NULL,'O','SB',NULL,NULL,NULL,'MBM2','487584768'),(61,NULL,'MBM',NULL,'MBM','Test Address',NULL,NULL,'Mysore','Karnataka','India','890765','mbm@mail.com',NULL,'4986596785',NULL,'47685768','+91',NULL,NULL,NULL,NULL,NULL,'5765876',NULL,NULL,NULL,'O','SB',NULL,NULL,NULL,'MBM','548695869'),(62,NULL,'ABC 1',NULL,'BC1','test address',NULL,NULL,'Madurai','Tamil Nadu','India','908765','abctwo@mail.com',NULL,'945765876',NULL,'845768567','+91',NULL,NULL,NULL,NULL,NULL,'5867587',NULL,NULL,NULL,'O','SB',NULL,NULL,NULL,'ABC two','74857847568'),(63,NULL,'Demo',NULL,'Name','test address',NULL,NULL,'Anantapur','Andhra Pradesh','India','908765','demo@mail.com',NULL,'985985998',NULL,'84748748748','+91',NULL,NULL,NULL,NULL,NULL,'7647647647',NULL,NULL,NULL,'O','SB',NULL,NULL,NULL,'DemoOrg','643837837'),(64,NULL,'Boris ',NULL,'Biswas','address1',NULL,NULL,'Siliguri','West Bengal','India','987654','boris@mail.com',NULL,'9051547754',NULL,'9051547754','+91',NULL,NULL,NULL,NULL,NULL,'123456',NULL,NULL,NULL,'O','SB',NULL,NULL,NULL,'TestCompany','123456'),(65,NULL,'Boris ',NULL,'Biswas','address1',NULL,NULL,'Siliguri','West Bengal','India','987654','boris@mail.com',NULL,'9051547754',NULL,'9051547754','+91',NULL,NULL,NULL,NULL,NULL,'123456',NULL,NULL,NULL,'O','SB',NULL,NULL,NULL,'TestCompany','123456'),(66,NULL,'Boris ',NULL,'Biswas','address1',NULL,NULL,'Siliguri','West Bengal','India','987654','boris@mail.com',NULL,'9051547754',NULL,'9051547754','+91',NULL,NULL,NULL,NULL,NULL,'123456',NULL,NULL,NULL,'O','SB',NULL,NULL,NULL,'TestCompany','123456'),(67,NULL,'test',NULL,'test','test',NULL,NULL,'Katni','Madhya Pradesh','India','767676','test@mail.com',NULL,'767676',NULL,'767676','+91',NULL,NULL,NULL,NULL,NULL,'undefined',NULL,NULL,NULL,'O','SB',NULL,NULL,NULL,'test','676767'),(68,NULL,'Boris ',NULL,'Biswas','address1',NULL,NULL,'Siliguri','West Bengal','India','987654','boris@mail.com',NULL,'9051547754',NULL,'9051547754','+91',NULL,NULL,NULL,NULL,NULL,'123456',NULL,NULL,NULL,'O','SB',NULL,NULL,NULL,'TestCompany','123456'),(69,NULL,'Boris ',NULL,'Biswas','address1',NULL,NULL,'Siliguri','West Bengal','India','987654','boris@mail.com',NULL,'9051547754',NULL,'9051547754','+91',NULL,NULL,NULL,NULL,NULL,'123456',NULL,NULL,NULL,'O','SB',NULL,NULL,NULL,'TestCompany','123456'),(70,NULL,'Boris ',NULL,'Biswas','address1',NULL,NULL,'Siliguri','West Bengal','India','987654','boris@mail.com',NULL,'9051547754',NULL,'9051547754','+91',NULL,NULL,NULL,NULL,NULL,'123456',NULL,NULL,NULL,'O','SB',NULL,NULL,NULL,'TestCompany','123456'),(71,NULL,'fghghfgfh',NULL,'fghfghfgh','fhfhfgh',NULL,NULL,'Eluru','Andhra Pradesh','India','565656','gfhfghfgh',NULL,'5656565',NULL,'5656565','+91',NULL,NULL,NULL,NULL,NULL,'undefined',NULL,NULL,NULL,'O','SB',NULL,NULL,NULL,'fghfghgf','5656565'),(72,NULL,'Boris ',NULL,'Biswas','address1',NULL,NULL,'Siliguri','West Bengal','India','987654','boris@mail.com',NULL,'9051547754',NULL,'9051547754','+91',NULL,NULL,NULL,NULL,NULL,'123456',NULL,NULL,NULL,'O','SB',NULL,NULL,NULL,'TestCompany','123456'),(73,NULL,'',NULL,'','',NULL,NULL,'','','','','',NULL,'',NULL,'','+91',NULL,NULL,NULL,NULL,NULL,'undefined',NULL,NULL,NULL,'O','SB',NULL,NULL,NULL,'',''),(74,NULL,'',NULL,'','',NULL,NULL,'','','','','',NULL,'',NULL,'','+91',NULL,NULL,NULL,NULL,NULL,'undefined',NULL,NULL,NULL,'O','SB',NULL,NULL,NULL,'',''),(75,NULL,'',NULL,'','',NULL,NULL,'','','','','',NULL,'',NULL,'','+91',NULL,NULL,NULL,NULL,NULL,'undefined',NULL,NULL,NULL,'O','SB',NULL,NULL,NULL,'',''),(76,NULL,'',NULL,'','',NULL,NULL,'','','','','',NULL,'',NULL,'','+91',NULL,NULL,NULL,NULL,NULL,'undefined',NULL,NULL,NULL,'O','SB',NULL,NULL,NULL,'',''),(77,NULL,'',NULL,'','',NULL,NULL,'','','','','',NULL,'',NULL,'','+91',NULL,NULL,NULL,NULL,NULL,'undefined',NULL,NULL,NULL,'O','SB',NULL,NULL,NULL,'',''),(78,NULL,'Jo',NULL,'Kumar','Chennai',NULL,NULL,'Chennai','Tamil Nadu','India','600132','Testjo@gmail.com ',NULL,'8056805053',NULL,'8056805053','+91',NULL,NULL,NULL,NULL,NULL,'undefined',NULL,NULL,NULL,'O','SB',NULL,NULL,NULL,'Customer Broadcast ','3o393jsnsnjsnan'),(79,NULL,'Avinash ',NULL,'singh','TEST',NULL,NULL,'Gangtok','Sikkim','India','789450','ABCDEF@GMAIL.COM',NULL,'',NULL,'2222222222','+91',NULL,NULL,NULL,NULL,NULL,'FVRVRVWVRV',NULL,NULL,NULL,'O','SB',NULL,NULL,NULL,'ABC INTERBATIONAL ','VWDRCWVFWWV'),(80,NULL,'Jo',NULL,'Ku','Chennai ',NULL,NULL,'Chennai','Tamil Nadu','India','600321','Testjo@gmail.com ',NULL,'8056805053',NULL,'8056805053','+91',NULL,NULL,NULL,NULL,NULL,'undefined',NULL,NULL,NULL,'O','SB',NULL,NULL,NULL,'Customer ','3839wjalaofbkxp'),(81,NULL,'Siva ',NULL,'Subu','No.72, Avadi kuruku sandhu',NULL,NULL,'Avadi','Tamil Nadu','India','601200','Happy@gmail.com',NULL,'9898989898',NULL,'9898989898','+91',NULL,NULL,NULL,NULL,NULL,'undefined',NULL,NULL,NULL,'O','SB',NULL,NULL,NULL,'Happy ','Ricmdmvmcdjdjxc'),(82,NULL,'Siva ',NULL,'Subu','No.72, Avadi kuruku sandhu',NULL,NULL,'Avadi','Tamil Nadu','India','601200','Happy@gmail.com',NULL,'9898989898',NULL,'9898989898','+91',NULL,NULL,NULL,NULL,NULL,'undefined',NULL,NULL,NULL,'O','SB',NULL,NULL,NULL,'Happy ','Ricmdmvmcdjdjxc'),(83,NULL,'Mbm ',NULL,'India ','Vallam ',NULL,NULL,'Chennai','Tamil Nadu','India','600077','Pdinesh@mbmindia.co.in',NULL,'7299997291',NULL,'7299997291','+91',NULL,NULL,NULL,NULL,NULL,'undefined',NULL,NULL,NULL,'O','SB',NULL,NULL,NULL,'Mbm india pvt ltd ','Vdkkdmhsskbrghf'),(84,NULL,'Mbm',NULL,'India','Address',NULL,NULL,'Chennai','Tamil Nadu','India','600084','mbm@mbmindia.com',NULL,'9876543210',NULL,'9876543210','+91',NULL,NULL,NULL,NULL,NULL,'undefined',NULL,NULL,NULL,'O','SB',NULL,NULL,NULL,'Mbm India','33dzopk5229k1z1'),(85,NULL,'Mbm',NULL,'India','Address',NULL,NULL,'Chennai','Tamil Nadu','India','600084','mbm@mbmindia.com',NULL,'9876543210',NULL,'9876543210','+91',NULL,NULL,NULL,NULL,NULL,'undefined',NULL,NULL,NULL,'O','SB',NULL,NULL,NULL,'Mbm India','33dzopk5229k1z1'),(86,NULL,'Bbb',NULL,'Vvb','Fgyu',NULL,NULL,'Chennai','Tamil Nadu','India','','balaji21192@gmail.com',NULL,'8939351026',NULL,'8939351026','+91',NULL,NULL,NULL,NULL,NULL,'undefined',NULL,NULL,NULL,'O','SB',NULL,NULL,NULL,'Dtub','33dZopk5229k1z9'),(87,NULL,'Test',NULL,'1','Wiffb',NULL,NULL,'Chennai','Tamil Nadu','India','600004','Test@mail.com',NULL,'4846',NULL,'4846','+91',NULL,NULL,NULL,NULL,NULL,'undefined',NULL,NULL,NULL,'O','SB',NULL,NULL,NULL,'Xyz','33abcp11231q231'),(88,NULL,'Tesy',NULL,'Test','Test',NULL,NULL,'Rewa','Madhya Pradesh','India','213497','Test@mail.com',NULL,'9842364888',NULL,'9842364888','+91',NULL,NULL,NULL,NULL,NULL,'undefined',NULL,NULL,NULL,'O','SB',NULL,NULL,NULL,'Test','Testhsydyfnnfnf'),(89,59,'Boris',NULL,'Biswas','test address',NULL,NULL,'Mumbai','Maharashtra','India','123456','boris.biswas@gmail.com',NULL,'9051547754',NULL,'9051547754','+91',NULL,NULL,NULL,NULL,NULL,'1234567',NULL,NULL,NULL,'O','SB',NULL,NULL,NULL,'TestCo','123445'),(90,NULL,'test',NULL,'test','test',NULL,NULL,'Anantapur','Andhra Pradesh','India','234324','test@mail.com',NULL,'8596589685',NULL,'8596589685','+91',NULL,NULL,NULL,NULL,NULL,'undefined',NULL,NULL,NULL,'O','SB',NULL,NULL,NULL,'test','454353454356565'),(91,60,'Boris2',NULL,'Biswas','test',NULL,NULL,'Pune','Maharashtra','India','123123','boris.biswas+1@gmail.com',NULL,'938973484',NULL,'90515477654','+91',NULL,NULL,NULL,NULL,NULL,'123456',NULL,NULL,NULL,'O','SB',NULL,NULL,NULL,'BorisCo','12345678');
/*!40000 ALTER TABLE `address` ENABLE KEYS */;
UNLOCK TABLES;

--
-- Table structure for table `atch`
--

DROP TABLE IF EXISTS `atch`;
/*!40101 SET @saved_cs_client     = @@character_set_client */;
/*!50503 SET character_set_client = utf8mb4 */;
CREATE TABLE `atch` (
  `ATCH_ID` int NOT NULL AUTO_INCREMENT,
  `OBJECT_ID` int NOT NULL,
  `URL` varchar(245) DEFAULT NULL,
  `SEQUENCE` varchar(45) DEFAULT NULL,
  PRIMARY KEY (`ATCH_ID`),
  KEY `ATCH_FK1_idx` (`OBJECT_ID`),
  CONSTRAINT `ATCH_FK1` FOREIGN KEY (`OBJECT_ID`) REFERENCES `product` (`PRODUCT_ID`)
) ENGINE=InnoDB DEFAULT CHARSET=utf8;
/*!40101 SET character_set_client = @saved_cs_client */;

--
-- Dumping data for table `atch`
--

LOCK TABLES `atch` WRITE;
/*!40000 ALTER TABLE `atch` DISABLE KEYS */;
/*!40000 ALTER TABLE `atch` ENABLE KEYS */;
UNLOCK TABLES;

--
-- Table structure for table `attr`
--

DROP TABLE IF EXISTS `attr`;
/*!40101 SET @saved_cs_client     = @@character_set_client */;
/*!50503 SET character_set_client = utf8mb4 */;
CREATE TABLE `attr` (
  `ATTR_ID` int NOT NULL AUTO_INCREMENT,
  `NAME` varchar(245) DEFAULT NULL,
  `IDENTIFIER` varchar(245) NOT NULL,
  `FIELD1` varchar(245) DEFAULT NULL,
  `FIELD2` varchar(245) DEFAULT NULL,
  PRIMARY KEY (`ATTR_ID`)
) ENGINE=InnoDB DEFAULT CHARSET=utf8;
/*!40101 SET character_set_client = @saved_cs_client */;

--
-- Dumping data for table `attr`
--

LOCK TABLES `attr` WRITE;
/*!40000 ALTER TABLE `attr` DISABLE KEYS */;
/*!40000 ALTER TABLE `attr` ENABLE KEYS */;
UNLOCK TABLES;

--
-- Table structure for table `attrval`
--

DROP TABLE IF EXISTS `attrval`;
/*!40101 SET @saved_cs_client     = @@character_set_client */;
/*!50503 SET character_set_client = utf8mb4 */;
CREATE TABLE `attrval` (
  `ATTRVAL_ID` int NOT NULL AUTO_INCREMENT,
  `ATTR_ID` int NOT NULL,
  `IDENTIFIER` varchar(245) NOT NULL,
  `NAME` varchar(245) DEFAULT NULL,
  `FIELD1` varchar(245) DEFAULT NULL,
  `FIELD2` varchar(245) DEFAULT NULL,
  PRIMARY KEY (`ATTRVAL_ID`),
  KEY `ATTRVAL_FK1_idx` (`ATTR_ID`),
  CONSTRAINT `ATTRVAL_FK1` FOREIGN KEY (`ATTR_ID`) REFERENCES `attr` (`ATTR_ID`)
) ENGINE=InnoDB DEFAULT CHARSET=utf8;
/*!40101 SET character_set_client = @saved_cs_client */;

--
-- Dumping data for table `attrval`
--

LOCK TABLES `attrval` WRITE;
/*!40000 ALTER TABLE `attrval` DISABLE KEYS */;
/*!40000 ALTER TABLE `attrval` ENABLE KEYS */;
UNLOCK TABLES;

--
-- Table structure for table `cart`
--

DROP TABLE IF EXISTS `cart`;
/*!40101 SET @saved_cs_client     = @@character_set_client */;
/*!50503 SET character_set_client = utf8mb4 */;
CREATE TABLE `cart` (
  `CART_ID` int NOT NULL AUTO_INCREMENT,
  `MEMBER_ID` int NOT NULL,
  `COUNT` int NOT NULL,
  `TOTAL` varchar(245) DEFAULT NULL,
  `FIELD1` varchar(245) DEFAULT NULL,
  `FIELD2` varchar(1000) DEFAULT NULL,
  `STATUS` varchar(45) NOT NULL,
  `REDEEM_POINTS` int DEFAULT '0',
  PRIMARY KEY (`CART_ID`),
  UNIQUE KEY `UC_cart` (`MEMBER_ID`,`STATUS`)
) ENGINE=InnoDB AUTO_INCREMENT=64 DEFAULT CHARSET=utf8;
/*!40101 SET character_set_client = @saved_cs_client */;

--
-- Dumping data for table `cart`
--

LOCK TABLES `cart` WRITE;
/*!40000 ALTER TABLE `cart` DISABLE KEYS */;
INSERT INTO `cart` VALUES (58,2,1,'3055','2600','454.99999999999994','P',0);
/*!40000 ALTER TABLE `cart` ENABLE KEYS */;
UNLOCK TABLES;

--
-- Table structure for table `cartdtl`
--

DROP TABLE IF EXISTS `cartdtl`;
/*!40101 SET @saved_cs_client     = @@character_set_client */;
/*!50503 SET character_set_client = utf8mb4 */;
CREATE TABLE `cartdtl` (
  `CARTDTL_ID` int NOT NULL AUTO_INCREMENT,
  `CART_ID` int NOT NULL,
  `MEMBER_ID` int NOT NULL,
  `PRODUCT_ID` int NOT NULL,
  `pspare_id` varchar(255) DEFAULT NULL,
  `FIELD1` varchar(245) DEFAULT NULL,
  `FIELD2` varchar(1000) DEFAULT NULL,
  `STATUS` varchar(45) NOT NULL,
  `QTY` int DEFAULT NULL,
  `PSPARE_PRICE` varchar(255) DEFAULT NULL,
  `TOTAL` varchar(255) DEFAULT NULL,
  PRIMARY KEY (`CARTDTL_ID`),
  KEY `CARTDTL_FK2_idx` (`CART_ID`),
  CONSTRAINT `CARTDTL_FK2` FOREIGN KEY (`CART_ID`) REFERENCES `cart` (`CART_ID`)
) ENGINE=InnoDB AUTO_INCREMENT=64 DEFAULT CHARSET=utf8;
/*!40101 SET character_set_client = @saved_cs_client */;

--
-- Dumping data for table `cartdtl`
--

LOCK TABLES `cartdtl` WRITE;
/*!40000 ALTER TABLE `cartdtl` DISABLE KEYS */;
INSERT INTO `cartdtl` VALUES (58,58,2,1,'233,230,1,3,2,6,10,38,86','50','1850','P',1,'1/120,2/130,3/150,6/450,10/200,38/200,86/200,230/200,233/200','1900'),(59,58,2,1,'1,2,16','250','450','P',5,'1/120,2/130,16/200','700');
/*!40000 ALTER TABLE `cartdtl` ENABLE KEYS */;
UNLOCK TABLES;

--
-- Table structure for table `complaints`
--

DROP TABLE IF EXISTS `complaints`;
/*!40101 SET @saved_cs_client     = @@character_set_client */;
/*!50503 SET character_set_client = utf8mb4 */;
CREATE TABLE `complaints` (
  `id` int NOT NULL AUTO_INCREMENT,
  `order_id` int NOT NULL,
  `order_qty_complain` text,
  `order_qa_complain` text,
  `order_delivery_complain` text,
  `CREATETIME` timestamp NULL DEFAULT NULL,
  `UPDATETIME` timestamp NULL DEFAULT NULL,
  `feedback` text,
  `STATUS` varchar(45) DEFAULT NULL,
  `user_id` int NOT NULL,
  PRIMARY KEY (`id`)
) ENGINE=InnoDB AUTO_INCREMENT=9 DEFAULT CHARSET=latin1;
/*!40101 SET character_set_client = @saved_cs_client */;

--
-- Dumping data for table `complaints`
--

LOCK TABLES `complaints` WRITE;
/*!40000 ALTER TABLE `complaints` DISABLE KEYS */;
INSERT INTO `complaints` VALUES (1,10001,'Ordered for 5 qty, received 4','Color mismatch','','2020-10-21 22:05:11','2020-10-21 22:05:11','','R',3),(2,10000,'ordered 15 pieces received 12','Color Mismatch, Legs broken and some wheels are missing','Delivery Delayed.','2021-02-13 10:56:47','2021-02-13 10:56:47','Hoping for better services.','R',4),(3,10005,'ordered 15 pieces received 12','Color Mismatch, Legs broken and some wheels are missing','Delivery Delayed.','2021-02-13 10:58:40','2021-02-13 10:58:40','Hoping for better services.','I',3),(4,10108,'ordered 15 pieces received 12','Color Mismatch, Legs broken and some wheels are missing','Delivery Delayed.','2021-02-13 11:19:08','2021-02-13 11:19:08','Hoping for better services.','R',4),(5,10000,'ordered 15 pieces received 12','Color Mismatch, Legs broken and some wheels are missing','Delivery Delayed.','2021-02-19 08:09:27','2021-02-19 08:09:27','Hoping for better services.','R',3),(6,10004,'ORdered 10 received 8','Low Quality','Delayed Delivery','2021-02-22 13:48:10','2021-02-22 13:48:10','Hoping for better service','A',4),(7,10132,'Yes , SQ 100 , RC 50','no','No','2021-03-03 12:57:58','2021-03-03 12:57:58','Worst ','A',3),(8,10145,'','','','2021-03-31 04:14:16','2021-03-31 04:14:16','','R',3);
/*!40000 ALTER TABLE `complaints` ENABLE KEYS */;
UNLOCK TABLES;

--
-- Table structure for table `discount_ads`
--

DROP TABLE IF EXISTS `discount_ads`;
/*!40101 SET @saved_cs_client     = @@character_set_client */;
/*!50503 SET character_set_client = utf8mb4 */;
CREATE TABLE `discount_ads` (
  `id` int NOT NULL AUTO_INCREMENT,
  `filename` varchar(255) DEFAULT NULL,
  `CREATETIME` timestamp NULL DEFAULT NULL,
  `category` varchar(255) DEFAULT NULL,
  PRIMARY KEY (`id`)
) ENGINE=InnoDB AUTO_INCREMENT=6 DEFAULT CHARSET=utf8mb4 COLLATE=utf8mb4_0900_ai_ci;
/*!40101 SET character_set_client = @saved_cs_client */;

--
-- Dumping data for table `discount_ads`
--

LOCK TABLES `discount_ads` WRITE;
/*!40000 ALTER TABLE `discount_ads` DISABLE KEYS */;
INSERT INTO `discount_ads` VALUES (1,'banner_1.jpg','2021-04-14 22:46:00','Active'),(2,'banner_2.jpg','2021-04-14 22:47:51','Discount'),(5,'sample.pdf','2021-04-14 23:42:05','Discount');
/*!40000 ALTER TABLE `discount_ads` ENABLE KEYS */;
UNLOCK TABLES;

--
-- Table structure for table `emails`
--

DROP TABLE IF EXISTS `emails`;
/*!40101 SET @saved_cs_client     = @@character_set_client */;
/*!50503 SET character_set_client = utf8mb4 */;
CREATE TABLE `emails` (
  `EMAILS` int NOT NULL AUTO_INCREMENT,
  `FROM` varchar(245) NOT NULL,
  `TO` varchar(245) DEFAULT NULL,
  `CC` varchar(245) DEFAULT NULL,
  `BCC` varchar(245) DEFAULT NULL,
  `CONTENT` varchar(1000) DEFAULT NULL,
  `STATUS` varchar(45) NOT NULL,
  PRIMARY KEY (`EMAILS`)
) ENGINE=InnoDB DEFAULT CHARSET=utf8;
/*!40101 SET character_set_client = @saved_cs_client */;

--
-- Dumping data for table `emails`
--

LOCK TABLES `emails` WRITE;
/*!40000 ALTER TABLE `emails` DISABLE KEYS */;
/*!40000 ALTER TABLE `emails` ENABLE KEYS */;
UNLOCK TABLES;

--
-- Table structure for table `enquiry`
--

DROP TABLE IF EXISTS `enquiry`;
/*!40101 SET @saved_cs_client     = @@character_set_client */;
/*!50503 SET character_set_client = utf8mb4 */;
CREATE TABLE `enquiry` (
  `ENQUIRY_ID` int NOT NULL AUTO_INCREMENT,
  `USER_ID` int NOT NULL,
  `STATUS` varchar(255) DEFAULT NULL,
  `CREATEDATE` varchar(255) DEFAULT NULL,
  `NAME` varchar(255) DEFAULT NULL,
  `TYPE` varchar(255) DEFAULT NULL,
  `QTY` varchar(255) DEFAULT NULL,
  `PRICE` varchar(255) DEFAULT NULL,
  `IMAGE1` varchar(245) DEFAULT NULL,
  `IMAGE2` varchar(245) DEFAULT NULL,
  `IMAGE3` varchar(245) DEFAULT NULL,
  `IMAGE4` varchar(245) DEFAULT NULL,
  `IMAGE5` varchar(245) DEFAULT NULL,
  `IMAGE6` varchar(245) DEFAULT NULL,
  `COMMENT` varchar(245) DEFAULT NULL,
  `FIELD1` varchar(245) DEFAULT NULL,
  `FIELD2` varchar(245) DEFAULT NULL,
  `ISNEW` varchar(255) DEFAULT NULL,
  `NEXTDATE` varchar(255) DEFAULT NULL,
  `ADDRESS_ID` int DEFAULT NULL,
  `QTY_2` varchar(45) DEFAULT NULL,
  `QTY_3` varchar(45) DEFAULT NULL,
  `QTY_4` varchar(45) DEFAULT NULL,
  `QTY_5` varchar(45) DEFAULT NULL,
  `PRICE_2` varchar(45) DEFAULT NULL,
  `PRICE_3` varchar(45) DEFAULT NULL,
  `PRICE_4` varchar(45) DEFAULT NULL,
  `PRICE_5` varchar(45) DEFAULT NULL,
  `ESTIMATED_DELIVERY_DATE` varchar(255) DEFAULT NULL,
  PRIMARY KEY (`ENQUIRY_ID`),
  KEY `ENQUIRY_FK1_idx` (`USER_ID`),
  CONSTRAINT `ENQUIRY_FK1` FOREIGN KEY (`USER_ID`) REFERENCES `user` (`USER_ID`)
) ENGINE=InnoDB AUTO_INCREMENT=58 DEFAULT CHARSET=utf8mb4 COLLATE=utf8mb4_0900_ai_ci;
/*!40101 SET character_set_client = @saved_cs_client */;

--
-- Dumping data for table `enquiry`
--

LOCK TABLES `enquiry` WRITE;
/*!40000 ALTER TABLE `enquiry` DISABLE KEYS */;
INSERT INTO `enquiry` VALUES (1,27,'S','2020-12-23','Enquiry','Warn','40','100','25_3_2020_3.png','','','','',NULL,'rest',NULL,NULL,'Y','2021-01-04',0,NULL,NULL,NULL,NULL,NULL,NULL,NULL,NULL,NULL),(2,28,'S','2020-12-10','Enquiry','Warn','7','500','Shirt.png','','','','',NULL,'test',NULL,NULL,'Y',NULL,0,NULL,NULL,NULL,NULL,NULL,NULL,NULL,NULL,NULL),(3,30,'F','2021-01-05','Enquiry','Hot','30900','4234234234','variant_16010339383yX9C4M1bt.jpg','Capture001.png','','','','','Test',NULL,NULL,'N','2021-01-23',0,NULL,NULL,NULL,NULL,NULL,NULL,NULL,NULL,NULL),(4,36,'A','2021-01-06','Enquiry','Hot','12','50','','','','','','','test',NULL,NULL,'N','2021-01-07',0,NULL,NULL,NULL,NULL,NULL,NULL,NULL,NULL,NULL),(5,49,'F','2021-01-08','Enquiry','Cold','100','100000','variant_1601034369YANlXU3P9t.jpg','','','','','','',NULL,NULL,'N','2021-01-20',0,NULL,NULL,NULL,NULL,NULL,NULL,NULL,NULL,NULL),(6,58,'P','2021-01-05','Enquiry','Warm','5','1200','variant_16010339383yX9C4M1bt.jpg','Linux(1).png','Linux(2).png','Linux(2).png','Linux(1).png','Linux(1).png','Test comment',NULL,NULL,'N','2021-01-05',0,NULL,NULL,NULL,NULL,NULL,NULL,NULL,NULL,NULL),(9,2,'A','2021-01-05','Enquiry','Warm','5','5000','variant_16010339383yX9C4M1bt.jpg','Linux(1).png','Linux(1).png','Linux(1).png','Linux(1).png','Linux(1).png','Test comment',NULL,NULL,'N','2021-01-05',41,NULL,NULL,NULL,NULL,NULL,NULL,NULL,NULL,NULL),(10,2,'P','2021-01-05','Enquiry','Warm','5','5000','variant_16010339383yX9C4M1bt.jpg','Linux(1).png','Linux(1).png','Linux(1).png','Linux(1).png','Linux(1).png','Test comment',NULL,NULL,'N','2021-01-05',42,NULL,NULL,NULL,NULL,NULL,NULL,NULL,NULL,NULL),(11,2,'P','2021-01-18','Enquiry','Warm','5','5000','variant_16010339383yX9C4M1bt.jpg','Linux(1).png','Linux(1).png','Linux(1).png','Linux(1).png','Linux(1).png','Test comment',NULL,NULL,'N','2021-01-18',43,NULL,NULL,NULL,NULL,NULL,NULL,NULL,NULL,NULL),(12,2,'P','2021-01-18','Enquiry','Warm','5','5000','variant_16010339383yX9C4M1bt.jpg','Linux(1).png','Linux(1).png','Linux(1).png','Linux(1).png','sample1.jpg','Test comment',NULL,NULL,'N','2021-01-18',44,NULL,NULL,NULL,NULL,NULL,NULL,NULL,NULL,NULL),(14,2,'P','2021-01-29','Enquiry','warn','5','67895','undefined','variant_1601034369YANlXU3P9t.jpg','variant_16010339383yX9C4M1bt.jpg','variant_1601034369YANlXU3P9t.jpg','variant_16010339383yX9C4M1bt.jpg','','',NULL,NULL,'N','2021-01-18',46,NULL,NULL,NULL,NULL,NULL,NULL,NULL,NULL,NULL),(15,2,'P','2021-01-29','Enquiry','hot','5','5678','undefined','sample1.jpg','Linux(2).png','Linux(1).png','sample1.jpg','Linux(1).png','',NULL,NULL,'N','undefined',47,NULL,NULL,NULL,NULL,NULL,NULL,NULL,NULL,NULL),(16,2,'A','2021-01-29','Enquiry','hot','5','7890','undefined','sample1.jpg','Linux(1).png','','','','',NULL,NULL,'N','undefined',48,NULL,NULL,NULL,NULL,NULL,NULL,NULL,NULL,NULL),(17,2,'P','2021-01-30','Enquiry','hot','5','6890','undefined','variant_1601034369YANlXU3P9t.jpg','variant_16010339383yX9C4M1bt.jpg','variant_1601034369YANlXU3P9t.jpg','variant_16010339383yX9C4M1bt.jpg','','',NULL,NULL,'N','undefined',49,'6','8','8','10','4567','2345','1234','0987',NULL),(18,2,'P','2021-01-30','Enquiry','hot','10','89000','undefined','chair_1.jpg','chair_2.jpg','chair_3.jpg','chair_4.jpg','chair_5.jpg','',NULL,NULL,'N','undefined',50,'5','4','6','8','1234','4567','7890','9087',NULL),(20,2,'P','2021-01-20','Enquiry','hot','5','1234','undefined','variant_1601034369YANlXU3P9t.jpg','variant_16010339383yX9C4M1bt.jpg','variant_1601034369YANlXU3P9t.jpg','variant_16010339383yX9C4M1bt.jpg','','test comment',NULL,NULL,'N','2021-01-28',52,'6','9','2','','4567','4321','3456','',NULL),(21,2,'P','2021-01-20','Enquiry','hot','5','1234','undefined','chair_15.jpg','chair_14.jpeg','chair_13.jpg','chair_9.png','chair_11.jpg','test comment',NULL,NULL,'N','2021-01-26',53,'6','8','2','7','4567','8769','4569','4563',NULL),(22,2,'P','2021-01-20','Enquiry','hot','5','1234','undefined','variant_1601034369YANlXU3P9t.jpg','variant_16010339383yX9C4M1bt.jpg','variant_1601034369YANlXU3P9t.jpg','variant_16010339383yX9C4M1bt.jpg','','test comment',NULL,NULL,'N','2021-01-27',54,'8','2','10','','4567','1200','3500','',NULL),(23,2,'P','2021-01-20','Enquiry','hot','5','1234','undefined','variant_1601034369YANlXU3P9t.jpg','variant_16010339383yX9C4M1bt.jpg','variant_1601034369YANlXU3P9t.jpg','variant_16010339383yX9C4M1bt.jpg','','test comment',NULL,NULL,'N','2021-01-28',55,'6','8','10','','3456','9087','6789','',NULL),(24,2,'P','2021-01-20','Enquiry','hot','5','1234','undefined','variant_1601034369YANlXU3P9t.jpg','variant_16010339383yX9C4M1bt.jpg','variant_1601034369YANlXU3P9t.jpg','variant_16010339383yX9C4M1bt.jpg','','test comment',NULL,NULL,'N','2021-01-28',56,'6','7','8','','5678','7890','9087','',NULL),(25,2,'P','2021-01-20','Enquiry','hot','6','1250','undefined','chair_11.jpg','chair_12.jpg','chair_14.jpeg','chair_15.jpg','chair_7.jpg','test comment',NULL,NULL,'N','2021-01-29',57,'8','10','5','2','7890','12000','1800','24000',NULL),(26,2,'P','2021-01-20','Enquiry','hot','5','1234','undefined','variant_1601034369YANlXU3P9t.jpg','variant_16010339383yX9C4M1bt.jpg','variant_1601034369YANlXU3P9t.jpg','variant_16010339383yX9C4M1bt.jpg','','test comment',NULL,NULL,'N','2021-01-25',58,'6','8','10','','4567','14567','6780','',NULL),(27,2,'P','2021-01-20','Enquiry','hot','5','2345','undefined','variant_1601034369YANlXU3P9t.jpg','variant_16010339383yX9C4M1bt.jpg','variant_1601034369YANlXU3P9t.jpg','variant_16010339383yX9C4M1bt.jpg','','test comment',NULL,NULL,'N','2021-01-29',59,'8','10','10','','1234','3400','3500','',NULL),(28,2,'A','2021-01-20','Enquiry','hot','10','60000','undefined','chair_7.jpg','chair_3.jpg','chair_12.jpg','chair_6.jpg','chair_9.png','test comment',NULL,NULL,'N','2021-01-29',60,'5','2','8','4','10000','8900','30000','80000',NULL),(29,2,'A','2021-01-20','Enquiry','hot','5','1234','undefined','variant_1601034369YANlXU3P9t.jpg','variant_16010339383yX9C4M1bt.jpg','variant_1601034369YANlXU3P9t.jpg','variant_16010339383yX9C4M1bt.jpg','','test comment ',NULL,NULL,'N','2021-01-30',61,'6','8','10','','4567','7890','6789','',NULL),(30,2,'A','2021-01-20','Enquiry','hot','10','50000','undefined','chair_9.png','chair_14.jpeg','','','','test comment',NULL,NULL,'N','2021-01-31',62,'15','','','','20000','','','',NULL),(31,2,'P','2021-01-23','Enquiry','hot','5','60000','undefined','chair_8.jpeg','chair_13.jpg','','','','test comment two ',NULL,NULL,'N','2021-01-29',63,'10','','','','80000','','','',NULL),(32,2,'P','undefined','Enquiry','Warm','undefined','undefined','variant_16010339383yX9C4M1bt.jpg','variant_1601034369YANlXU3P9t.jpg','variant_1601034369YANlXU3P9t.jpg','variant_1601034369YANlXU3P9t.jpg','','','Test comment',NULL,NULL,'N','2021-01-05',64,'undefined','undefined','undefined','undefined','undefined','undefined','undefined','undefined',NULL),(33,2,'P','undefined','Enquiry','Warm','4','1234','variant_16010339383yX9C4M1bt.jpg','variant_1601034369YANlXU3P9t.jpg','variant_1601034369YANlXU3P9t.jpg','variant_1601034369YANlXU3P9t.jpg','','','Test comment',NULL,NULL,'N','2021-01-05',65,'3','2','','','1234','4321','','',NULL),(34,2,'P','undefined','Enquiry','Warm','4','1234','variant_16010339383yX9C4M1bt.jpg','chair_8.jpeg','chair_12.jpg','chair_13.jpg','','','Test comment',NULL,NULL,'N','2021-01-05',66,'3','2','','','1234','4321','','',NULL),(35,2,'P','undefined','Enquiry','Warm','4','1234','variant_16010339383yX9C4M1bt.jpg','rn_image_picker_lib_temp_83e39907-a631-4dca-ab34-17f9bcc6854c.jpg','rn_image_picker_lib_temp_83e39907-a631-4dca-ab34-17f9bcc6854c.jpg','rn_image_picker_lib_temp_83e39907-a631-4dca-ab34-17f9bcc6854c.jpg','rn_image_picker_lib_temp_83e39907-a631-4dca-ab34-17f9bcc6854c.jpg','rn_image_picker_lib_temp_83e39907-a631-4dca-ab34-17f9bcc6854c.jpg','',NULL,NULL,'N','02/01/21',67,'4','4','4','4','1234','1234','1234','1234',NULL),(36,2,'P','undefined','Enquiry','Warm','4','1234','variant_16010339383yX9C4M1bt.jpg','chair_8.jpeg','chair_12.jpg','chair_13.jpg','','','Test comment',NULL,NULL,'N','2021-01-05',68,'3','2','','','1234','4321','','',NULL),(37,2,'P','undefined','Enquiry','Warm','4','1234','variant_16010339383yX9C4M1bt.jpg','variant_1601034369YANlXU3P9t.jpg','variant_1601034369YANlXU3P9t.jpg','undefined','undefined','undefined','Test comment',NULL,NULL,'N','2021-01-05',69,'3','2','','','1234','4321','','',NULL),(38,2,'P','undefined','Enquiry','Warm','4','1234','variant_16010339383yX9C4M1bt.jpg','variant_1601034369YANlXU3P9t.jpg','variant_1601034369YANlXU3P9t.jpg','variant_1601034369YANlXU3P9t.jpg','','','Test comment',NULL,NULL,'N','2021-01-05',70,'3','2','','','1234','4321','','',NULL),(39,2,'P','undefined','Enquiry','Warm','2','56565','variant_16010339383yX9C4M1bt.jpg','variant_1601034369YANlXU3P9t.jpg','variant_16010339383yX9C4M1bt.jpg','','','','',NULL,NULL,'N','02-02-2021',71,'3','','','','565656','','','',NULL),(40,2,'P','undefined','Enquiry','Warm','4','1234','variant_16010339383yX9C4M1bt.jpg','chair_8.jpeg','chair_12.jpg','chair_13.jpg','','','Test comment',NULL,NULL,'N','2021-01-05',72,'3','2','','','1234','4321','','',NULL),(41,2,'P','undefined','Enquiry','Warm','1','566','variant_16010339383yX9C4M1bt.jpg','rn_image_picker_lib_temp_87a36a4e-024e-4581-8836-80d96d92b6ec.jpg','rn_image_picker_lib_temp_4025ce34-7bf5-4d0a-8acb-6ae380e35c92.jpg','rn_image_picker_lib_temp_6f444ff5-41ff-40b0-826e-e0f25462cca7.jpg','rn_image_picker_lib_temp_a2b96eed-8e2e-4bce-a735-fecea724d652.jpg','rn_image_picker_lib_temp_f05f0351-4906-4a4d-a306-dcbbbb987b8c.jpg','',NULL,NULL,'N','02/02/2021',73,'1','1','1','1','668','678','690','789',NULL),(42,2,'P','undefined','Enquiry','Hot','1','6778','variant_16010339383yX9C4M1bt.jpg','rn_image_picker_lib_temp_a9cfb9f1-1c7e-44a2-b3ff-08a12a040c6c.jpg','','','','','',NULL,NULL,'N','12/02/2021',74,'','','','','','','','',NULL),(43,2,'P','undefined','Enquiry','','1','258','variant_16010339383yX9C4M1bt.jpg','rn_image_picker_lib_temp_fa083948-9316-4718-a27c-91e763dec87e.jpg','','','','','',NULL,NULL,'N','',75,'','','','','','','','',NULL),(44,2,'P','2021-02-02','Enquiry','','3','67786','variant_16010339383yX9C4M1bt.jpg','rn_image_picker_lib_temp_2501473c-460d-46f1-b4c1-77cae53859b4.jpg','','','','','',NULL,NULL,'N','20/02/2021',76,'','','','','','','','',NULL),(45,2,'P','2021-02-02','Enquiry','Cold','1','676','variant_16010339383yX9C4M1bt.jpg','rn_image_picker_lib_temp_b46f00c4-bb4b-4d3c-b6cf-435df684e841.jpg','','','','','',NULL,NULL,'N','02/02/2021',77,'','','','','','','','',NULL),(46,2,'A','2021-03-03','Enquiry','','7','2558','variant_16010339383yX9C4M1bt.jpg','rn_image_picker_lib_temp_75b31c90-2a99-47bb-b9d1-a88ebd1e091b.jpg','','','','','',NULL,NULL,'N','',78,'','','','','','','','',NULL),(47,2,'A','2021-03-03','Enquiry','cold','10','150','undefined','ActivArmor Middle east Logo.PNG','fortiaangular.co.uk_contact-us_(Moto G4) (1).png','WhatsApp Image 2021-02-22 at 13.06.06.jpeg','','','TESTING ',NULL,NULL,'N','2021-03-19',79,'50','1000','','','500','1000','','',NULL),(48,2,'C','2021-03-04','Enquiry','','','','variant_16010339383yX9C4M1bt.jpg','','','','','','',NULL,NULL,'N','',80,'','','','','','','','',NULL),(49,2,'P','2021-03-04','Enquiry','Hot','1','3800','variant_16010339383yX9C4M1bt.jpg','rn_image_picker_lib_temp_f6d73b88-0c59-47c6-8412-9ecede4cfab8.jpg','','','','','',NULL,NULL,'N','05/03/2021',81,'','','','','','','','',NULL),(50,2,'P','2021-03-04','Enquiry','Hot','1','3800','variant_16010339383yX9C4M1bt.jpg','rn_image_picker_lib_temp_f6d73b88-0c59-47c6-8412-9ecede4cfab8.jpg','','','','','',NULL,NULL,'N','05/03/2021',82,'','','','','','','','',NULL),(51,2,'P','2021-03-04','Enquiry','Hot','','','variant_16010339383yX9C4M1bt.jpg','','','','','','',NULL,NULL,'N','04-03-2021',83,'','','','','','','','',NULL),(52,2,'P','2021-03-04','Enquiry','Hot','4','100','variant_16010339383yX9C4M1bt.jpg','rn_image_picker_lib_temp_e382735b-43c5-4d75-979b-cb22897470da.jpg','','','','','',NULL,NULL,'N','11/03/2021',84,'','','','','','','','',NULL),(53,2,'P','2021-03-04','Enquiry','Hot','4','100','variant_16010339383yX9C4M1bt.jpg','rn_image_picker_lib_temp_e382735b-43c5-4d75-979b-cb22897470da.jpg','','','','','',NULL,NULL,'N','11/03/2021',85,'','','','','','','','',NULL),(54,2,'C','2021-03-04','Enquiry','Hot','1','100','variant_16010339383yX9C4M1bt.jpg','variant_16010339383yX9C4M1bt.jpg','','','','','',NULL,NULL,'N','05-03-2021',86,'','','','','','','','',NULL),(55,2,'C','2021-03-04','Enquiry','Warm','3','200','variant_16010339383yX9C4M1bt.jpg','variant_16010339383yX9C4M1bt.jpg','variant_16010339383yX9C4M1bt.jpg','','','','',NULL,NULL,'N','',87,'5','','','','44','','','',NULL),(56,2,'P','2021-03-12','Enquiry','Hot','2','10','variant_16010339383yX9C4M1bt.jpg','variant_1601034369YANlXU3P9t.jpg','variant_16010339383yX9C4M1bt.jpg','variant_1601034369YANlXU3P9t.jpg','variant_16010339383yX9C4M1bt.jpg','variant_1601034369YANlXU3P9t.jpg','',NULL,NULL,'N','20-03-2021',88,'2','1','1','1','50','100','150','10',NULL),(57,2,'P','2021-04-08','Enquiry','Hot','1','230','variant_16010339383yX9C4M1bt.jpg','variant_1601034369YANlXU3P9t.jpg','variant_1601034369YANlXU3P9t.jpg','','','','test',NULL,NULL,'N','10-04-2021',90,'1','','','','150','','','','17/04/2021');
/*!40000 ALTER TABLE `enquiry` ENABLE KEYS */;
UNLOCK TABLES;

--
-- Table structure for table `invoice`
--

DROP TABLE IF EXISTS `invoice`;
/*!40101 SET @saved_cs_client     = @@character_set_client */;
/*!50503 SET character_set_client = utf8mb4 */;
CREATE TABLE `invoice` (
  `INVOICE_ID` int NOT NULL AUTO_INCREMENT,
  `ORDER_ID` int NOT NULL,
  `STATUS` varchar(255) DEFAULT NULL,
  `GENERATEDATE` varchar(255) DEFAULT NULL,
  `NAME` varchar(255) DEFAULT NULL,
  `FIELD1` varchar(245) DEFAULT NULL,
  `FIELD2` varchar(245) DEFAULT NULL,
  PRIMARY KEY (`INVOICE_ID`),
  KEY `INVOICE_FK1_idx` (`ORDER_ID`),
  CONSTRAINT `INVOICE_FK1` FOREIGN KEY (`ORDER_ID`) REFERENCES `orders` (`ORDER_ID`)
) ENGINE=InnoDB AUTO_INCREMENT=58 DEFAULT CHARSET=utf8mb4 COLLATE=utf8mb4_0900_ai_ci;
/*!40101 SET character_set_client = @saved_cs_client */;

--
-- Dumping data for table `invoice`
--

LOCK TABLES `invoice` WRITE;
/*!40000 ALTER TABLE `invoice` DISABLE KEYS */;
INSERT INTO `invoice` VALUES (3,10103,'P','2021-01-05 07:54:10','10103_INVOICE',NULL,NULL),(4,10102,'P','2021-01-05 12:03:08','10102_INVOICE',NULL,NULL),(5,10095,'P','2021-01-05 12:07:38','10095_INVOICE',NULL,NULL),(6,10099,'P','2021-01-07 19:03:07','10099_INVOICE',NULL,NULL),(7,10104,'P','2021-01-08 08:17:09','10104_INVOICE',NULL,NULL),(8,10097,'P','2021-01-08 15:42:01','10097_INVOICE',NULL,NULL),(9,10101,'P','2021-01-22 02:07:48','10101_INVOICE',NULL,NULL),(10,10106,'P','2021-01-22 06:34:16','10106_INVOICE',NULL,NULL),(11,10108,'P','2021-01-22 06:37:40','10108_INVOICE',NULL,NULL),(12,10084,'P','2021-01-22 06:37:45','10084_INVOICE',NULL,NULL),(13,10092,'P','2021-01-22 06:41:30','10092_INVOICE',NULL,NULL),(14,10110,'P','2021-01-22 06:54:14','10110_INVOICE',NULL,NULL),(15,10000,'P','2021-01-22 06:57:10','10000_INVOICE',NULL,NULL),(16,10001,'P','2021-01-27 12:23:11','10001_INVOICE',NULL,NULL),(17,10002,'P','2021-01-27 12:23:29','10002_INVOICE',NULL,NULL),(18,10011,'P','2021-02-12 20:27:39','10011_INVOICE',NULL,NULL),(19,10012,'P','2021-02-12 20:27:45','10012_INVOICE',NULL,NULL),(20,10125,'P','2021-02-28 00:50:06','10125_INVOICE',NULL,NULL),(21,10126,'P','2021-02-28 02:00:55','10126_INVOICE',NULL,NULL),(22,10127,'P','2021-02-28 02:07:36','10127_INVOICE',NULL,NULL),(23,10128,'P','2021-03-02 07:14:02','10128_INVOICE',NULL,NULL),(24,10129,'P','2021-03-02 07:56:23','10129_INVOICE',NULL,NULL),(25,10130,'P','2021-03-03 09:01:04','10130_INVOICE',NULL,NULL),(26,10131,'P','2021-03-03 09:07:23','10131_INVOICE',NULL,NULL),(27,10132,'P','2021-03-03 12:38:55','10132_INVOICE',NULL,NULL),(28,10138,'P','2021-03-04 07:02:55','10138_INVOICE',NULL,NULL),(29,10142,'P','2021-03-04 07:04:49','10142_INVOICE',NULL,NULL),(30,10141,'P','2021-03-04 07:05:35','10141_INVOICE',NULL,NULL),(31,10134,'P','2021-03-04 07:06:14','10134_INVOICE',NULL,NULL),(32,10107,'P','2021-03-04 07:06:24','10107_INVOICE',NULL,NULL),(33,10143,'P','2021-03-04 07:23:06','10143_INVOICE',NULL,NULL),(34,10144,'P','2021-03-04 07:23:30','10144_INVOICE',NULL,NULL),(35,10065,'P','2021-03-04 07:42:34','10065_INVOICE',NULL,NULL),(36,10062,'P','2021-03-04 07:42:58','10062_INVOICE',NULL,NULL),(37,10080,'P','2021-03-04 15:00:00','10080_INVOICE',NULL,NULL),(38,10087,'P','2021-03-04 15:00:21','10087_INVOICE',NULL,NULL),(39,10145,'P','2021-03-12 05:49:43','10145_INVOICE',NULL,NULL),(40,10009,'P','2021-03-31 07:59:43','10009_INVOICE',NULL,NULL),(41,10008,'P','2021-03-31 07:59:49','10008_INVOICE',NULL,NULL),(42,10007,'P','2021-03-31 10:39:19','10007_INVOICE',NULL,NULL),(43,10149,'P','2021-04-13 19:54:31','10149_INVOICE',NULL,NULL),(44,10148,'P','2021-04-13 19:54:34','10148_INVOICE',NULL,NULL),(45,10153,'P','2021-04-26 14:06:34','10153_INVOICE',NULL,NULL),(46,10003,'P','2021-04-26 15:37:21','10003_INVOICE',NULL,NULL),(47,10006,'P','2021-04-26 15:41:39','10006_INVOICE',NULL,NULL),(48,10150,'P','2021-04-27 10:54:09','10150_INVOICE',NULL,NULL),(49,10151,'P','2021-04-27 11:50:21','10151_INVOICE',NULL,NULL),(50,10156,'P','2021-04-29 06:24:06','10156_INVOICE',NULL,NULL),(51,10155,'P','2021-04-29 06:53:04','10155_INVOICE',NULL,NULL),(52,10157,'P','2021-04-29 11:29:34','10157_INVOICE',NULL,NULL),(53,10158,'P','2021-04-29 12:17:10','10158_INVOICE',NULL,NULL),(54,10161,'P','2021-04-29 16:46:09','10161_INVOICE',NULL,NULL),(55,10160,'P','2021-05-02 09:42:39','10160_INVOICE',NULL,NULL),(56,10164,'P','2021-06-28 11:08:34','10164_INVOICE',NULL,NULL),(57,10165,'P','2021-06-28 11:16:16','10165_INVOICE',NULL,NULL);
/*!40000 ALTER TABLE `invoice` ENABLE KEYS */;
UNLOCK TABLES;

--
-- Table structure for table `jurst`
--

DROP TABLE IF EXISTS `jurst`;
/*!40101 SET @saved_cs_client     = @@character_set_client */;
/*!50503 SET character_set_client = utf8mb4 */;
CREATE TABLE `jurst` (
  `id` int NOT NULL,
  `identifier` varchar(1024) NOT NULL,
  `displayname` varchar(1024) DEFAULT NULL,
  `city` varchar(1024) DEFAULT NULL,
  `state` varchar(1024) DEFAULT NULL,
  `country` varchar(1024) DEFAULT NULL,
  `field1` varchar(1024) DEFAULT NULL,
  `field2` varchar(1024) DEFAULT NULL,
  `type` varchar(255) NOT NULL,
  PRIMARY KEY (`id`)
) ENGINE=InnoDB DEFAULT CHARSET=utf8;
/*!40101 SET character_set_client = @saved_cs_client */;

--
-- Dumping data for table `jurst`
--

LOCK TABLES `jurst` WRITE;
/*!40000 ALTER TABLE `jurst` DISABLE KEYS */;
INSERT INTO `jurst` VALUES (1,'Noida','Noida','Noida','Uttar Pradesh','India',NULL,NULL,'CITY'),(2,'Gurgaon','Gurgaon','Gurgaon','Haryana','India',NULL,NULL,'CITY'),(3,'Uttar Pradesh','Uttar Pradesh',NULL,NULL,'India',NULL,NULL,'STAT'),(4,'India','India',NULL,NULL,NULL,NULL,NULL,'CUNT'),(5,'Maharashtra','Maharashtra',NULL,NULL,'India',NULL,NULL,'STAT'),(6,'Delhi','Delhi',NULL,NULL,'India',NULL,NULL,'STAT'),(7,'Karnataka','Karnataka',NULL,NULL,'India',NULL,NULL,'STAT'),(8,'Telangana','Telangana',NULL,NULL,'India',NULL,NULL,'STAT'),(9,'Gujarat','Gujarat',NULL,NULL,'India',NULL,NULL,'STAT'),(10,'Tamil Nadu','Tamil Nadu',NULL,NULL,'India',NULL,NULL,'STAT'),(11,'West Bengal','West Bengal',NULL,NULL,'India',NULL,NULL,'STAT'),(12,'Rajasthan','Rajasthan',NULL,NULL,'India',NULL,NULL,'STAT'),(13,'Madhya Pradesh','Madhya Pradesh',NULL,NULL,'India',NULL,NULL,'STAT'),(14,'Andhra Pradesh','Andhra Pradesh',NULL,NULL,'India',NULL,NULL,'STAT'),(15,'Bihar','Bihar',NULL,NULL,'India',NULL,NULL,'STAT'),(16,'Punjab','Punjab',NULL,NULL,'India',NULL,NULL,'STAT'),(17,'Jharkhand','Jharkhand',NULL,NULL,'India',NULL,NULL,'STAT'),(18,'Haryana','Haryana',NULL,NULL,'India',NULL,NULL,'STAT'),(19,'Jammu and Kashmir','Jammu and Kashmir',NULL,NULL,'India',NULL,NULL,'STAT'),(20,'Uttar Pradesh','Uttar Pradesh',NULL,NULL,'India',NULL,NULL,'STAT'),(21,'Chhattisgarh','Chhattisgarh',NULL,NULL,'India',NULL,NULL,'STAT'),(22,'Chandigarh','Chandigarh',NULL,NULL,'India',NULL,NULL,'STAT'),(23,'Assam','Assam',NULL,NULL,'India',NULL,NULL,'STAT'),(24,'Odisha','Odisha',NULL,NULL,'India',NULL,NULL,'STAT'),(25,'Kerala','Kerala',NULL,NULL,'India',NULL,NULL,'STAT'),(26,'Uttarakhand','Uttarakhand',NULL,NULL,'India',NULL,NULL,'STAT'),(27,'Tripura','Tripura',NULL,NULL,'India',NULL,NULL,'STAT'),(28,'Puducherry','Puducherry',NULL,NULL,'India',NULL,NULL,'STAT'),(29,'Mizoram','Mizoram',NULL,NULL,'India',NULL,NULL,'STAT'),(30,'Manipur','Manipur',NULL,NULL,'India',NULL,NULL,'STAT'),(31,'Himachal Pradesh','Himachal Pradesh',NULL,NULL,'India',NULL,NULL,'STAT'),(32,'Sikkim','Sikkim',NULL,NULL,'India',NULL,NULL,'STAT'),(33,'Mumbai','Mumbai','Mumbai','Maharashtra','India',NULL,NULL,'CITY'),(35,'Delhi','Delhi','Delhi','Delhi','India',NULL,NULL,'CITY'),(36,'Bangalore','Bangalore','Bangalore','Karnataka','India',NULL,NULL,'CITY'),(37,'Hyderabad','Hyderabad','Hyderabad','Telangana','India',NULL,NULL,'CITY'),(38,'Ahmedabad','Ahmedabad','Ahmedabad','Gujarat','India',NULL,NULL,'CITY'),(39,'Chennai','Chennai','Chennai','Tamil Nadu','India',NULL,NULL,'CITY'),(40,'Kolkata','Kolkata','Kolkata','West Bengal','India',NULL,NULL,'CITY'),(41,'Surat','Surat','Surat','Gujarat','India',NULL,NULL,'CITY'),(42,'Pune','Pune','Pune','Maharashtra','India',NULL,NULL,'CITY'),(43,'Jaipur','Jaipur','Jaipur','Rajasthan','India',NULL,NULL,'CITY'),(44,'Lucknow','Lucknow','Lucknow','Uttar Pradesh','India',NULL,NULL,'CITY'),(45,'Kanpur','Kanpur','Kanpur','Uttar Pradesh','India',NULL,NULL,'CITY'),(46,'Nagpur','Nagpur','Nagpur','Maharashtra','India',NULL,NULL,'CITY'),(47,'Indore','Indore','Indore','Madhya Pradesh','India',NULL,NULL,'CITY'),(48,'Thane','Thane','Thane','Maharashtra','India',NULL,NULL,'CITY'),(49,'Bhopal','Bhopal','Bhopal','Madhya Pradesh','India',NULL,NULL,'CITY'),(50,'Visakhapatnam','Visakhapatnam','Visakhapatnam','Andhra Pradesh','India',NULL,NULL,'CITY'),(51,'Pimpri-Chinchwad','Pimpri-Chinchwad','Pimpri-Chinchwad','Maharashtra','India',NULL,NULL,'CITY'),(52,'Patna','Patna','Patna','Bihar','India',NULL,NULL,'CITY'),(53,'Vadodara','Vadodara','Vadodara','Gujarat','India',NULL,NULL,'CITY'),(54,'Ghaziabad','Ghaziabad','Ghaziabad','Uttar Pradesh','India',NULL,NULL,'CITY'),(55,'Ludhiana','Ludhiana','Ludhiana','Punjab','India',NULL,NULL,'CITY'),(56,'Agra','Agra','Agra','Uttar Pradesh','India',NULL,NULL,'CITY'),(57,'Nashik','Nashik','Nashik','Maharashtra','India',NULL,NULL,'CITY'),(58,'Ranchi','Ranchi','Ranchi','Jharkhand','India',NULL,NULL,'CITY'),(59,'Faridabad','Faridabad','Faridabad','Haryana','India',NULL,NULL,'CITY'),(60,'Meerut','Meerut','Meerut','Uttar Pradesh','India',NULL,NULL,'CITY'),(61,'Rajkot','Rajkot','Rajkot','Gujarat','India',NULL,NULL,'CITY'),(62,'Kalyan-Dombivli','Kalyan-Dombivli','Kalyan-Dombivli','Maharashtra','India',NULL,NULL,'CITY'),(63,'Vasai-Virar','Vasai-Virar','Vasai-Virar','Maharashtra','India',NULL,NULL,'CITY'),(64,'Varanasi','Varanasi','Varanasi','Uttar Pradesh','India',NULL,NULL,'CITY'),(65,'Srinagar','Srinagar','Srinagar','Jammu and Kashmir','India',NULL,NULL,'CITY'),(66,'Aurangabad','Aurangabad','Aurangabad','Maharashtra','India',NULL,NULL,'CITY'),(67,'Dhanbad','Dhanbad','Dhanbad','Jharkhand','India',NULL,NULL,'CITY'),(68,'Amritsar','Amritsar','Amritsar','Punjab','India',NULL,NULL,'CITY'),(69,'Navi Mumbai','Navi Mumbai','Navi Mumbai','Maharashtra','India',NULL,NULL,'CITY'),(70,'Allahabad','Allahabad','Allahabad','Uttar Pradesh[5]','India',NULL,NULL,'CITY'),(71,'Howrah','Howrah','Howrah','West Bengal','India',NULL,NULL,'CITY'),(72,'Gwalior','Gwalior','Gwalior','Madhya Pradesh','India',NULL,NULL,'CITY'),(73,'Jabalpur','Jabalpur','Jabalpur','Madhya Pradesh','India',NULL,NULL,'CITY'),(74,'Coimbatore','Coimbatore','Coimbatore','Tamil Nadu','India',NULL,NULL,'CITY'),(75,'Vijayawada','Vijayawada','Vijayawada','Andhra Pradesh','India',NULL,NULL,'CITY'),(76,'Jodhpur','Jodhpur','Jodhpur','Rajasthan','India',NULL,NULL,'CITY'),(77,'Madurai','Madurai','Madurai','Tamil Nadu','India',NULL,NULL,'CITY'),(78,'Raipur','Raipur','Raipur','Chhattisgarh','India',NULL,NULL,'CITY'),(79,'Chandigarh','Chandigarh','Chandigarh','Chandigarh','India',NULL,NULL,'CITY'),(80,'Guwahati','Guwahati','Guwahati','Assam','India',NULL,NULL,'CITY'),(81,'Solapur','Solapur','Solapur','Maharashtra','India',NULL,NULL,'CITY'),(82,'HubliDharwad','HubliDharwad','HubliDharwad','Karnataka','India',NULL,NULL,'CITY'),(83,'Mysore','Mysore','Mysore','Karnataka','India',NULL,NULL,'CITY'),(84,'Tiruchirappalli','Tiruchirappalli','Tiruchirappalli','Tamil Nadu','India',NULL,NULL,'CITY'),(85,'Bareilly','Bareilly','Bareilly','Uttar Pradesh','India',NULL,NULL,'CITY'),(86,'Aligarh','Aligarh','Aligarh','Uttar Pradesh','India',NULL,NULL,'CITY'),(87,'Tiruppur','Tiruppur','Tiruppur','Tamil Nadu','India',NULL,NULL,'CITY'),(88,'Moradabad','Moradabad','Moradabad','Uttar Pradesh','India',NULL,NULL,'CITY'),(89,'Jalandhar','Jalandhar','Jalandhar','Punjab','India',NULL,NULL,'CITY'),(90,'Bhubaneswar','Bhubaneswar','Bhubaneswar','Odisha','India',NULL,NULL,'CITY'),(91,'Salem','Salem','Salem','Tamil Nadu','India',NULL,NULL,'CITY'),(92,'Warangal','Warangal','Warangal','Telangana','India',NULL,NULL,'CITY'),(93,'Mira-Bhayandar','Mira-Bhayandar','Mira-Bhayandar','Maharashtra','India',NULL,NULL,'CITY'),(94,'Jalgaon','Jalgaon','Jalgaon','Maharashtra','India',NULL,NULL,'CITY'),(95,'Kota','Kota','Kota','Rajasthan','India',NULL,NULL,'CITY'),(96,'Guntur','Guntur','Guntur','Andhra Pradesh','India',NULL,NULL,'CITY'),(97,'Bhiwandi','Bhiwandi','Bhiwandi','Maharashtra','India',NULL,NULL,'CITY'),(98,'Saharanpur','Saharanpur','Saharanpur','Uttar Pradesh','India',NULL,NULL,'CITY'),(99,'Gorakhpur','Gorakhpur','Gorakhpur','Uttar Pradesh','India',NULL,NULL,'CITY'),(100,'Bikaner','Bikaner','Bikaner','Rajasthan','India',NULL,NULL,'CITY'),(101,'Amravati','Amravati','Amravati','Maharashtra','India',NULL,NULL,'CITY'),(102,'Jamshedpur','Jamshedpur','Jamshedpur','Jharkhand','India',NULL,NULL,'CITY'),(103,'Bhilai','Bhilai','Bhilai','Chhattisgarh','India',NULL,NULL,'CITY'),(104,'Cuttack','Cuttack','Cuttack','Odisha','India',NULL,NULL,'CITY'),(105,'Firozabad','Firozabad','Firozabad','Uttar Pradesh','India',NULL,NULL,'CITY'),(106,'Kochi','Kochi','Kochi','Kerala','India',NULL,NULL,'CITY'),(107,'Nellore','Nellore','Nellore','Andhra Pradesh','India',NULL,NULL,'CITY'),(108,'Bhavnagar','Bhavnagar','Bhavnagar','Gujarat','India',NULL,NULL,'CITY'),(109,'Dehradun','Dehradun','Dehradun','Uttarakhand','India',NULL,NULL,'CITY'),(110,'Durgapur','Durgapur','Durgapur','West Bengal','India',NULL,NULL,'CITY'),(111,'Asansol','Asansol','Asansol','West Bengal','India',NULL,NULL,'CITY'),(112,'Rourkela','Rourkela','Rourkela','Odisha','India',NULL,NULL,'CITY'),(113,'Nanded','Nanded','Nanded','Maharashtra','India',NULL,NULL,'CITY'),(114,'Kolhapur','Kolhapur','Kolhapur','Maharashtra','India',NULL,NULL,'CITY'),(115,'Ajmer','Ajmer','Ajmer','Rajasthan','India',NULL,NULL,'CITY'),(116,'Akola','Akola','Akola','Maharashtra','India',NULL,NULL,'CITY'),(117,'Gulbarga','Gulbarga','Gulbarga','Karnataka','India',NULL,NULL,'CITY'),(118,'Jamnagar','Jamnagar','Jamnagar','Gujarat','India',NULL,NULL,'CITY'),(119,'Ujjain','Ujjain','Ujjain','Madhya Pradesh','India',NULL,NULL,'CITY'),(120,'Loni','Loni','Loni','Uttar Pradesh','India',NULL,NULL,'CITY'),(121,'Siliguri','Siliguri','Siliguri','West Bengal','India',NULL,NULL,'CITY'),(122,'Jhansi','Jhansi','Jhansi','Uttar Pradesh','India',NULL,NULL,'CITY'),(123,'Ulhasnagar','Ulhasnagar','Ulhasnagar','Maharashtra','India',NULL,NULL,'CITY'),(124,'Jammu','Jammu','Jammu','Jammu and Kashmir','India',NULL,NULL,'CITY'),(125,'Sangli-Miraj & Kupwad','Sangli-Miraj & Kupwad','Sangli-Miraj & Kupwad','Maharashtra','India',NULL,NULL,'CITY'),(126,'Mangalore','Mangalore','Mangalore','Karnataka','India',NULL,NULL,'CITY'),(127,'Erode','Erode','Erode','Tamil Nadu','India',NULL,NULL,'CITY'),(128,'Belgaum','Belgaum','Belgaum','Karnataka','India',NULL,NULL,'CITY'),(129,'Ambattur','Ambattur','Ambattur','Tamil Nadu','India',NULL,NULL,'CITY'),(130,'Tirunelveli','Tirunelveli','Tirunelveli','Tamil Nadu','India',NULL,NULL,'CITY'),(131,'Malegaon','Malegaon','Malegaon','Maharashtra','India',NULL,NULL,'CITY'),(132,'Gaya','Gaya','Gaya','Bihar','India',NULL,NULL,'CITY'),(133,'Thiruvananthapuram','Thiruvananthapuram','Thiruvananthapuram','Kerala','India',NULL,NULL,'CITY'),(134,'Udaipur','Udaipur','Udaipur','Rajasthan','India',NULL,NULL,'CITY'),(135,'Kakinada','Kakinada','Kakinada','Andhra Pradesh','India',NULL,NULL,'CITY'),(136,'Davanagere','Davanagere','Davanagere','Karnataka','India',NULL,NULL,'CITY'),(137,'Kozhikode','Kozhikode','Kozhikode','Kerala','India',NULL,NULL,'CITY'),(138,'Maheshtala','Maheshtala','Maheshtala','West Bengal','India',NULL,NULL,'CITY'),(139,'Rajpur Sonarpur','Rajpur Sonarpur','Rajpur Sonarpur','West Bengal','India',NULL,NULL,'CITY'),(140,'Rajahmundry','Rajahmundry','Rajahmundry','Andhra Pradesh','India',NULL,NULL,'CITY'),(141,'Bokaro','Bokaro','Bokaro','Jharkhand','India',NULL,NULL,'CITY'),(142,'South Dumdum','South Dumdum','South Dumdum','West Bengal','India',NULL,NULL,'CITY'),(143,'Bellary','Bellary','Bellary','Karnataka','India',NULL,NULL,'CITY'),(144,'Patiala','Patiala','Patiala','Punjab','India',NULL,NULL,'CITY'),(145,'Gopalpur','Gopalpur','Gopalpur','West Bengal','India',NULL,NULL,'CITY'),(146,'Agartala','Agartala','Agartala','Tripura','India',NULL,NULL,'CITY'),(147,'Bhagalpur','Bhagalpur','Bhagalpur','Bihar','India',NULL,NULL,'CITY'),(148,'Muzaffarnagar','Muzaffarnagar','Muzaffarnagar','Uttar Pradesh','India',NULL,NULL,'CITY'),(149,'Bhatpara','Bhatpara','Bhatpara','West Bengal','India',NULL,NULL,'CITY'),(150,'Panihati','Panihati','Panihati','West Bengal','India',NULL,NULL,'CITY'),(151,'Latur','Latur','Latur','Maharashtra','India',NULL,NULL,'CITY'),(152,'Dhule','Dhule','Dhule','Maharashtra','India',NULL,NULL,'CITY'),(153,'Tirupati','Tirupati','Tirupati','Andhra Pradesh','India',NULL,NULL,'CITY'),(154,'Rohtak','Rohtak','Rohtak','Haryana','India',NULL,NULL,'CITY'),(155,'Sagar','Sagar','Sagar','Madhya Pradesh','India',NULL,NULL,'CITY'),(156,'Korba','Korba','Korba','Chhattisgarh','India',NULL,NULL,'CITY'),(157,'Bhilwara','Bhilwara','Bhilwara','Rajasthan','India',NULL,NULL,'CITY'),(158,'Berhampur','Berhampur','Berhampur','Odisha','India',NULL,NULL,'CITY'),(159,'Muzaffarpur','Muzaffarpur','Muzaffarpur','Bihar','India',NULL,NULL,'CITY'),(160,'Ahmednagar','Ahmednagar','Ahmednagar','Maharashtra','India',NULL,NULL,'CITY'),(161,'Mathura','Mathura','Mathura','Uttar Pradesh','India',NULL,NULL,'CITY'),(162,'Kollam','Kollam','Kollam','Kerala','India',NULL,NULL,'CITY'),(163,'Avadi','Avadi','Avadi','Tamil Nadu','India',NULL,NULL,'CITY'),(164,'Kadapa','Kadapa','Kadapa','Andhra Pradesh','India',NULL,NULL,'CITY'),(165,'Kamarhati','Kamarhati','Kamarhati','West Bengal','India',NULL,NULL,'CITY'),(166,'Sambalpur','Sambalpur','Sambalpur','Odisha','India',NULL,NULL,'CITY'),(167,'Bilaspur','Bilaspur','Bilaspur','Chhattisgarh','India',NULL,NULL,'CITY'),(168,'Shahjahanpur','Shahjahanpur','Shahjahanpur','Uttar Pradesh','India',NULL,NULL,'CITY'),(169,'Satara','Satara','Satara','Maharashtra','India',NULL,NULL,'CITY'),(170,'Bijapur','Bijapur','Bijapur','Karnataka','India',NULL,NULL,'CITY'),(171,'Kurnool','Kurnool','Kurnool','Andhra Pradesh','India',NULL,NULL,'CITY'),(172,'Rampur','Rampur','Rampur','Uttar Pradesh','India',NULL,NULL,'CITY'),(173,'Shimoga','Shimoga','Shimoga','Karnataka','India',NULL,NULL,'CITY'),(174,'Chandrapur','Chandrapur','Chandrapur','Maharashtra','India',NULL,NULL,'CITY'),(175,'Junagadh','Junagadh','Junagadh','Gujarat','India',NULL,NULL,'CITY'),(176,'Thrissur','Thrissur','Thrissur','Kerala','India',NULL,NULL,'CITY'),(177,'Alwar','Alwar','Alwar','Rajasthan','India',NULL,NULL,'CITY'),(178,'Bardhaman','Bardhaman','Bardhaman','West Bengal','India',NULL,NULL,'CITY'),(179,'Kulti','Kulti','Kulti','West Bengal','India',NULL,NULL,'CITY'),(180,'Nizamabad','Nizamabad','Nizamabad','Telangana','India',NULL,NULL,'CITY'),(181,'Parbhani','Parbhani','Parbhani','Maharashtra','India',NULL,NULL,'CITY'),(182,'Tumkur','Tumkur','Tumkur','Karnataka','India',NULL,NULL,'CITY'),(183,'Khammam','Khammam','Khammam','Telangana','India',NULL,NULL,'CITY'),(184,'Ozhukarai','Ozhukarai','Ozhukarai','Puducherry','India',NULL,NULL,'CITY'),(185,'Bihar Sharif','Bihar Sharif','Bihar Sharif','Bihar','India',NULL,NULL,'CITY'),(186,'Panipat','Panipat','Panipat','Haryana','India',NULL,NULL,'CITY'),(187,'Darbhanga','Darbhanga','Darbhanga','Bihar','India',NULL,NULL,'CITY'),(188,'Bally','Bally','Bally','West Bengal','India',NULL,NULL,'CITY'),(189,'Aizawl','Aizawl','Aizawl','Mizoram','India',NULL,NULL,'CITY'),(190,'Dewas','Dewas','Dewas','Madhya Pradesh','India',NULL,NULL,'CITY'),(191,'Ichalkaranji','Ichalkaranji','Ichalkaranji','Maharashtra','India',NULL,NULL,'CITY'),(192,'Karnal','Karnal','Karnal','Haryana','India',NULL,NULL,'CITY'),(193,'Bathinda','Bathinda','Bathinda','Punjab','India',NULL,NULL,'CITY'),(194,'Jalna','Jalna','Jalna','Maharashtra','India',NULL,NULL,'CITY'),(195,'Eluru','Eluru','Eluru','Andhra Pradesh','India',NULL,NULL,'CITY'),(196,'Barasat','Barasat','Barasat','West Bengal','India',NULL,NULL,'CITY'),(197,'Kirari Suleman Nagar','Kirari Suleman Nagar','Kirari Suleman Nagar','Delhi','India',NULL,NULL,'CITY'),(198,'Purnia','Purnia','Purnia','Bihar','India',NULL,NULL,'CITY'),(199,'Satna','Satna','Satna','Madhya Pradesh','India',NULL,NULL,'CITY'),(200,'Mau','Mau','Mau','Uttar Pradesh','India',NULL,NULL,'CITY'),(201,'Sonipat','Sonipat','Sonipat','Haryana','India',NULL,NULL,'CITY'),(202,'Farrukhabad','Farrukhabad','Farrukhabad','Uttar Pradesh','India',NULL,NULL,'CITY'),(203,'Durg','Durg','Durg','Chhattisgarh','India',NULL,NULL,'CITY'),(204,'Imphal','Imphal','Imphal','Manipur','India',NULL,NULL,'CITY'),(205,'Ratlam','Ratlam','Ratlam','Madhya Pradesh','India',NULL,NULL,'CITY'),(206,'Hapur','Hapur','Hapur','Uttar Pradesh','India',NULL,NULL,'CITY'),(207,'Arrah','Arrah','Arrah','Bihar','India',NULL,NULL,'CITY'),(208,'Anantapur','Anantapur','Anantapur','Andhra Pradesh','India',NULL,NULL,'CITY'),(209,'Karimnagar','Karimnagar','Karimnagar','Telangana','India',NULL,NULL,'CITY'),(210,'Etawah','Etawah','Etawah','Uttar Pradesh','India',NULL,NULL,'CITY'),(211,'Ambarnath','Ambarnath','Ambarnath','Maharashtra','India',NULL,NULL,'CITY'),(212,'North Dumdum','North Dumdum','North Dumdum','West Bengal','India',NULL,NULL,'CITY'),(213,'Bharatpur','Bharatpur','Bharatpur','Rajasthan','India',NULL,NULL,'CITY'),(214,'Begusarai','Begusarai','Begusarai','Bihar','India',NULL,NULL,'CITY'),(215,'New Delhi','New Delhi','New Delhi','Delhi','India',NULL,NULL,'CITY'),(216,'Gandhidham','Gandhidham','Gandhidham','Gujarat','India',NULL,NULL,'CITY'),(217,'Baranagar','Baranagar','Baranagar','West Bengal','India',NULL,NULL,'CITY'),(218,'Tiruvottiyur','Tiruvottiyur','Tiruvottiyur','Tamil Nadu','India',NULL,NULL,'CITY'),(219,'Pondicherry','Pondicherry','Pondicherry','Puducherry','India',NULL,NULL,'CITY'),(220,'Sikar','Sikar','Sikar','Rajasthan','India',NULL,NULL,'CITY'),(221,'Thoothukudi','Thoothukudi','Thoothukudi','Tamil Nadu','India',NULL,NULL,'CITY'),(222,'Rewa','Rewa','Rewa','Madhya Pradesh','India',NULL,NULL,'CITY'),(223,'Mirzapur','Mirzapur','Mirzapur','Uttar Pradesh','India',NULL,NULL,'CITY'),(224,'Raichur','Raichur','Raichur','Karnataka','India',NULL,NULL,'CITY'),(225,'Pali','Pali','Pali','Rajasthan','India',NULL,NULL,'CITY'),(226,'Ramagundam','Ramagundam','Ramagundam','Telangana','India',NULL,NULL,'CITY'),(227,'Silchar','Silchar','Silchar','Assam','India',NULL,NULL,'CITY'),(228,'Haridwar','Haridwar','Haridwar','Uttarakhand','India',NULL,NULL,'CITY'),(229,'Vijayanagaram','Vijayanagaram','Vijayanagaram','Andhra Pradesh','India',NULL,NULL,'CITY'),(230,'Tenali','Tenali','Tenali','Andhra Pradesh','India',NULL,NULL,'CITY'),(231,'Nagercoil','Nagercoil','Nagercoil','Tamil Nadu','India',NULL,NULL,'CITY'),(232,'Sri Ganganagar','Sri Ganganagar','Sri Ganganagar','Rajasthan','India',NULL,NULL,'CITY'),(233,'Karawal Nagar','Karawal Nagar','Karawal Nagar','Delhi','India',NULL,NULL,'CITY'),(234,'Mango','Mango','Mango','Jharkhand','India',NULL,NULL,'CITY'),(235,'Thanjavur','Thanjavur','Thanjavur','Tamil Nadu','India',NULL,NULL,'CITY'),(236,'Bulandshahr','Bulandshahr','Bulandshahr','Uttar Pradesh','India',NULL,NULL,'CITY'),(237,'Uluberia','Uluberia','Uluberia','West Bengal','India',NULL,NULL,'CITY'),(238,'Katni','Katni','Katni','Madhya Pradesh','India',NULL,NULL,'CITY'),(239,'Sambhal','Sambhal','Sambhal','Uttar Pradesh','India',NULL,NULL,'CITY'),(240,'Singrauli','Singrauli','Singrauli','Madhya Pradesh','India',NULL,NULL,'CITY'),(241,'Nadiad','Nadiad','Nadiad','Gujarat','India',NULL,NULL,'CITY'),(242,'Secunderabad','Secunderabad','Secunderabad','Telangana','India',NULL,NULL,'CITY'),(243,'Naihati','Naihati','Naihati','West Bengal','India',NULL,NULL,'CITY'),(244,'Yamunanagar','Yamunanagar','Yamunanagar','Haryana','India',NULL,NULL,'CITY'),(245,'Bidhannagar','Bidhannagar','Bidhannagar','West Bengal','India',NULL,NULL,'CITY'),(246,'Pallavaram','Pallavaram','Pallavaram','Tamil Nadu','India',NULL,NULL,'CITY'),(247,'Bidar','Bidar','Bidar','Karnataka','India',NULL,NULL,'CITY'),(248,'Munger','Munger','Munger','Bihar','India',NULL,NULL,'CITY'),(249,'Panchkula','Panchkula','Panchkula','Haryana','India',NULL,NULL,'CITY'),(250,'Burhanpur','Burhanpur','Burhanpur','Madhya Pradesh','India',NULL,NULL,'CITY'),(251,'Raurkela Industrial Township','Raurkela Industrial Township','Raurkela Industrial Township','Odisha','India',NULL,NULL,'CITY'),(252,'Kharagpur','Kharagpur','Kharagpur','West Bengal','India',NULL,NULL,'CITY'),(253,'Dindigul','Dindigul','Dindigul','Tamil Nadu','India',NULL,NULL,'CITY'),(254,'Gandhinagar','Gandhinagar','Gandhinagar','Gujarat','India',NULL,NULL,'CITY'),(255,'Hospet','Hospet','Hospet','Karnataka','India',NULL,NULL,'CITY'),(256,'Nangloi Jat','Nangloi Jat','Nangloi Jat','Delhi','India',NULL,NULL,'CITY'),(257,'Malda','Malda','Malda','West Bengal','India',NULL,NULL,'CITY'),(258,'Ongole','Ongole','Ongole','Andhra Pradesh','India',NULL,NULL,'CITY'),(259,'Deoghar','Deoghar','Deoghar','Jharkhand','India',NULL,NULL,'CITY'),(260,'Chapra','Chapra','Chapra','Bihar','India',NULL,NULL,'CITY'),(261,'Haldia','Haldia','Haldia','West Bengal','India',NULL,NULL,'CITY'),(262,'Khandwa','Khandwa','Khandwa','Madhya Pradesh','India',NULL,NULL,'CITY'),(263,'Nandyal','Nandyal','Nandyal','Andhra Pradesh','India',NULL,NULL,'CITY'),(264,'Morena','Morena','Morena','Madhya Pradesh','India',NULL,NULL,'CITY'),(265,'Amroha','Amroha','Amroha','Uttar Pradesh','India',NULL,NULL,'CITY'),(266,'Anand','Anand','Anand','Gujarat','India',NULL,NULL,'CITY'),(267,'Bhind','Bhind','Bhind','Madhya Pradesh','India',NULL,NULL,'CITY'),(268,'Bhalswa Jahangir Pur','Bhalswa Jahangir Pur','Bhalswa Jahangir Pur','Delhi','India',NULL,NULL,'CITY'),(269,'Madhyamgram','Madhyamgram','Madhyamgram','West Bengal','India',NULL,NULL,'CITY'),(270,'Bhiwani','Bhiwani','Bhiwani','Haryana','India',NULL,NULL,'CITY'),(271,'Berhampore','Berhampore','Berhampore','West Bengal','India',NULL,NULL,'CITY'),(272,'Ambala','Ambala','Ambala','Haryana','India',NULL,NULL,'CITY'),(273,'Morbi','Morbi','Morbi','Gujarat','India',NULL,NULL,'CITY'),(274,'Fatehpur','Fatehpur','Fatehpur','Uttar Pradesh','India',NULL,NULL,'CITY'),(275,'Raebareli','Raebareli','Raebareli','Uttar Pradesh','India',NULL,NULL,'CITY'),(276,'Khora, Ghaziabad','Khora, Ghaziabad','Khora, Ghaziabad','Uttar Pradesh','India',NULL,NULL,'CITY'),(277,'Chittoor','Chittoor','Chittoor','Andhra Pradesh','India',NULL,NULL,'CITY'),(278,'Bhusawal','Bhusawal','Bhusawal','Maharashtra','India',NULL,NULL,'CITY'),(279,'Orai','Orai','Orai','Uttar Pradesh','India',NULL,NULL,'CITY'),(280,'Bahraich','Bahraich','Bahraich','Uttar Pradesh','India',NULL,NULL,'CITY'),(281,'Phusro','Phusro','Phusro','Jharkhand','India',NULL,NULL,'CITY'),(282,'Vellore','Vellore','Vellore','Tamil Nadu','India',NULL,NULL,'CITY'),(283,'Mehsana','Mehsana','Mehsana','Gujarat','India',NULL,NULL,'CITY'),(284,'Raiganj','Raiganj','Raiganj','West Bengal','India',NULL,NULL,'CITY'),(285,'Sirsa','Sirsa','Sirsa','Haryana','India',NULL,NULL,'CITY'),(286,'Danapur','Danapur','Danapur','Bihar','India',NULL,NULL,'CITY'),(287,'Serampore','Serampore','Serampore','West Bengal','India',NULL,NULL,'CITY'),(288,'Sultan Pur Majra','Sultan Pur Majra','Sultan Pur Majra','Delhi','India',NULL,NULL,'CITY'),(289,'Guna','Guna','Guna','Madhya Pradesh','India',NULL,NULL,'CITY'),(290,'Jaunpur','Jaunpur','Jaunpur','Uttar Pradesh','India',NULL,NULL,'CITY'),(291,'Panvel','Panvel','Panvel','Maharashtra','India',NULL,NULL,'CITY'),(292,'Shivpuri','Shivpuri','Shivpuri','Madhya Pradesh','India',NULL,NULL,'CITY'),(293,'Surendranagar Dudhrej','Surendranagar Dudhrej','Surendranagar Dudhrej','Gujarat','India',NULL,NULL,'CITY'),(294,'Unnao','Unnao','Unnao','Uttar Pradesh','India',NULL,NULL,'CITY'),(295,'Chinsurah','Chinsurah','Chinsurah','West Bengal','India',NULL,NULL,'CITY'),(296,'Alappuzha','Alappuzha','Alappuzha','Kerala','India',NULL,NULL,'CITY'),(297,'Kottayam','Kottayam','Kottayam','Kerala','India',NULL,NULL,'CITY'),(298,'Machilipatnam','Machilipatnam','Machilipatnam','Andhra Pradesh','India',NULL,NULL,'CITY'),(299,'Shimla','Shimla','Shimla','Himachal Pradesh','India',NULL,NULL,'CITY'),(300,'Adoni','Adoni','Adoni','Andhra Pradesh','India',NULL,NULL,'CITY'),(301,'Udupi','Udupi','Udupi','Karnataka','India',NULL,NULL,'CITY'),(302,'Katihar','Katihar','Katihar','Bihar','India',NULL,NULL,'CITY'),(303,'Proddatur','Proddatur','Proddatur','Andhra Pradesh','India',NULL,NULL,'CITY'),(304,'Mahbubnagar','Mahbubnagar','Mahbubnagar','Telangana','India',NULL,NULL,'CITY'),(305,'Saharsa','Saharsa','Saharsa','Bihar','India',NULL,NULL,'CITY'),(306,'Dibrugarh','Dibrugarh','Dibrugarh','Assam','India',NULL,NULL,'CITY'),(307,'Jorhat','Jorhat','Jorhat','Assam','India',NULL,NULL,'CITY'),(308,'Hazaribagh','Hazaribagh','Hazaribagh','Jharkhand','India',NULL,NULL,'CITY'),(309,'Hindupur','Hindupur','Hindupur','Andhra Pradesh','India',NULL,NULL,'CITY'),(310,'Nagaon','Nagaon','Nagaon','Assam','India',NULL,NULL,'CITY'),(311,'Sasaram','Sasaram','Sasaram','Bihar','India',NULL,NULL,'CITY'),(312,'Hajipur','Hajipur','Hajipur','Bihar','India',NULL,NULL,'CITY'),(313,'Giridih','Giridih','Giridih','Jharkhand','India',NULL,NULL,'CITY'),(314,'Bhimavaram','Bhimavaram','Bhimavaram','Andhra Pradesh','India',NULL,NULL,'CITY'),(315,'Kumbakonam','Kumbakonam','Kumbakonam','Tamil Nadu','India',NULL,NULL,'CITY'),(316,'Bongaigaon','Bongaigaon','Bongaigaon','Assam','India',NULL,NULL,'CITY'),(317,'Dehri','Dehri','Dehri','Bihar','India',NULL,NULL,'CITY'),(318,'Madanapalle','Madanapalle','Madanapalle','Andhra Pradesh','India',NULL,NULL,'CITY'),(319,'Siwan','Siwan','Siwan','Bihar','India',NULL,NULL,'CITY'),(320,'Bettiah','Bettiah','Bettiah','Bihar','India',NULL,NULL,'CITY'),(321,'Ramgarh','Ramgarh','Ramgarh','Jharkhand','India',NULL,NULL,'CITY'),(322,'Tinsukia','Tinsukia','Tinsukia','Assam','India',NULL,NULL,'CITY'),(323,'Guntakal','Guntakal','Guntakal','Andhra Pradesh','India',NULL,NULL,'CITY'),(324,'Srikakulam','Srikakulam','Srikakulam','Andhra Pradesh','India',NULL,NULL,'CITY'),(325,'Motihari','Motihari','Motihari','Bihar','India',NULL,NULL,'CITY'),(326,'Dharmavaram','Dharmavaram','Dharmavaram','Andhra Pradesh','India',NULL,NULL,'CITY'),(327,'Medininagar','Medininagar','Medininagar','Jharkhand','India',NULL,NULL,'CITY'),(328,'Gudivada','Gudivada','Gudivada','Andhra Pradesh','India',NULL,NULL,'CITY'),(329,'Phagwara','Phagwara','Phagwara','Punjab','India',NULL,NULL,'CITY'),(330,'Hosur','Hosur','Hosur','Tamil Nadu','India',NULL,NULL,'CITY'),(331,'Narasaraopet','Narasaraopet','Narasaraopet','Andhra Pradesh','India',NULL,NULL,'CITY'),(332,'Suryapet','Suryapet','Suryapet','Telangana','India',NULL,NULL,'CITY'),(333,'Miryalaguda','Miryalaguda','Miryalaguda','Telangana','India',NULL,NULL,'CITY'),(334,'Tadipatri','Tadipatri','Tadipatri','Andhra Pradesh','India',NULL,NULL,'CITY'),(335,'Karaikudi','Karaikudi','Karaikudi','Tamil Nadu','India',NULL,NULL,'CITY'),(336,'Kishanganj','Kishanganj','Kishanganj','Bihar','India',NULL,NULL,'CITY'),(337,'Jamalpur','Jamalpur','Jamalpur','Bihar','India',NULL,NULL,'CITY'),(338,'Ballia','Ballia','Ballia','Uttar Pradesh','India',NULL,NULL,'CITY'),(339,'Kavali','Kavali','Kavali','Andhra Pradesh','India',NULL,NULL,'CITY'),(340,'Tadepalligudem','Tadepalligudem','Tadepalligudem','Andhra Pradesh','India',NULL,NULL,'CITY'),(341,'Amaravati','Amaravati','Amaravati','Andhra Pradesh','India',NULL,NULL,'CITY'),(342,'Buxar','Buxar','Buxar','Bihar','India',NULL,NULL,'CITY'),(343,'Tezpur','Tezpur','Tezpur','Assam','India',NULL,NULL,'CITY'),(344,'Jehanabad','Jehanabad','Jehanabad','Bihar','India',NULL,NULL,'CITY'),(345,'Aurangabad','Aurangabad','Aurangabad','Bihar','India',NULL,NULL,'CITY'),(346,'Gangtok','Gangtok','Gangtok','Sikkim','India',NULL,NULL,'CITY');
/*!40000 ALTER TABLE `jurst` ENABLE KEYS */;
UNLOCK TABLES;

--
-- Table structure for table `leafcategory`
--

DROP TABLE IF EXISTS `leafcategory`;
/*!40101 SET @saved_cs_client     = @@character_set_client */;
/*!50503 SET character_set_client = utf8mb4 */;
CREATE TABLE `leafcategory` (
  `LeafCategoryId` int NOT NULL AUTO_INCREMENT,
  `Identifier` varchar(245) NOT NULL,
  `Name` varchar(245) DEFAULT NULL,
  `Description` varchar(1045) DEFAULT NULL,
  `Field1` varchar(745) DEFAULT NULL,
  `Field2` varchar(745) DEFAULT NULL,
  `TopCategoryId` int NOT NULL,
  `Status` varchar(20) NOT NULL,
  `ParentCategoryId` int DEFAULT NULL,
  PRIMARY KEY (`LeafCategoryId`),
  UNIQUE KEY `LeafCategoryId_UNIQUE` (`LeafCategoryId`),
  KEY `TopCategoryId_idx` (`TopCategoryId`),
  CONSTRAINT `TopCategoryId` FOREIGN KEY (`TopCategoryId`) REFERENCES `topcategory` (`TopCategoryId`) ON DELETE CASCADE
) ENGINE=InnoDB AUTO_INCREMENT=8 DEFAULT CHARSET=utf8;
/*!40101 SET character_set_client = @saved_cs_client */;

--
-- Dumping data for table `leafcategory`
--

LOCK TABLES `leafcategory` WRITE;
/*!40000 ALTER TABLE `leafcategory` DISABLE KEYS */;
INSERT INTO `leafcategory` VALUES (3,'MBM001','Mesh Back',NULL,NULL,NULL,1,'1',NULL),(4,'MBM002','Yuva',NULL,NULL,NULL,1,'1',3),(5,'MBM202121','test','SDadsads',NULL,NULL,2,'1',3),(6,'MBM01021','Test','Test',NULL,NULL,1,'1',5),(7,'','','',NULL,NULL,3,'1',1);
/*!40000 ALTER TABLE `leafcategory` ENABLE KEYS */;
UNLOCK TABLES;

--
-- Table structure for table `mbm_details`
--

DROP TABLE IF EXISTS `mbm_details`;
/*!40101 SET @saved_cs_client     = @@character_set_client */;
/*!50503 SET character_set_client = utf8mb4 */;
CREATE TABLE `mbm_details` (
  `id` int NOT NULL AUTO_INCREMENT,
  `mbm_address` varchar(255) DEFAULT NULL,
  `mbm_gstin` varchar(45) DEFAULT NULL,
  `mbm_website` varchar(255) DEFAULT NULL,
  `mbm_bank_name` varchar(255) DEFAULT NULL,
  `mbm_ac_number` varchar(100) DEFAULT NULL,
  `mbm_branch_name` varchar(255) DEFAULT NULL,
  `mbm_IFSC_code` varchar(100) DEFAULT NULL,
  PRIMARY KEY (`id`)
) ENGINE=InnoDB AUTO_INCREMENT=2 DEFAULT CHARSET=utf8mb4 COLLATE=utf8mb4_0900_ai_ci;
/*!40101 SET character_set_client = @saved_cs_client */;

--
-- Dumping data for table `mbm_details`
--

LOCK TABLES `mbm_details` WRITE;
/*!40000 ALTER TABLE `mbm_details` DISABLE KEYS */;
INSERT INTO `mbm_details` VALUES (1,'KHASRA NO:51/6, VILLAGE ALIPUR LANDMARK, SPLASH WATER PARK , DELHI - 110036, DL, India.','07AAECM3173F1ZM','www.mbmindia.co.in','State Bank Of India','31132451668','Chennai','SBIN0001320');
/*!40000 ALTER TABLE `mbm_details` ENABLE KEYS */;
UNLOCK TABLES;

--
-- Table structure for table `mbm_payments`
--

DROP TABLE IF EXISTS `mbm_payments`;
/*!40101 SET @saved_cs_client     = @@character_set_client */;
/*!50503 SET character_set_client = utf8mb4 */;
CREATE TABLE `mbm_payments` (
  `id` int NOT NULL AUTO_INCREMENT,
  `customer_vendor_code` varchar(45) DEFAULT NULL,
  `customer_vendor_name` varchar(200) DEFAULT NULL,
  `invoice_number` varchar(45) NOT NULL,
  `invoice_date` varchar(45) DEFAULT NULL,
  `invoice_amount` varchar(45) DEFAULT NULL,
  `paid_amount` varchar(45) DEFAULT NULL,
  `due_amount` varchar(45) DEFAULT NULL,
  `due_date` varchar(45) DEFAULT NULL,
  `credit_days` varchar(45) DEFAULT NULL,
  `sales_employee_code` varchar(45) DEFAULT NULL,
  `sales_employee_name` varchar(255) DEFAULT NULL,
  PRIMARY KEY (`id`),
  UNIQUE KEY `invoice_number_UNIQUE` (`invoice_number`)
) ENGINE=InnoDB AUTO_INCREMENT=12240 DEFAULT CHARSET=utf8mb4 COLLATE=utf8mb4_0900_ai_ci;
/*!40101 SET character_set_client = @saved_cs_client */;

--
-- Dumping data for table `mbm_payments`
--

LOCK TABLES `mbm_payments` WRITE;
/*!40000 ALTER TABLE `mbm_payments` DISABLE KEYS */;
/*!40000 ALTER TABLE `mbm_payments` ENABLE KEYS */;
UNLOCK TABLES;

--
-- Table structure for table `mbm_products`
--

DROP TABLE IF EXISTS `mbm_products`;
/*!40101 SET @saved_cs_client     = @@character_set_client */;
/*!50503 SET character_set_client = utf8mb4 */;
CREATE TABLE `mbm_products` (
  `id` int NOT NULL AUTO_INCREMENT,
  `item_no` varchar(50) NOT NULL,
  `sub_group_level_1` varchar(100) DEFAULT NULL,
  `sub_group_level_2` varchar(100) DEFAULT NULL,
  `item_description` varchar(255) DEFAULT NULL,
  `in_stock` int DEFAULT '0',
  PRIMARY KEY (`id`),
  UNIQUE KEY `item_no_UNIQUE` (`item_no`)
) ENGINE=InnoDB AUTO_INCREMENT=11537 DEFAULT CHARSET=utf8mb4 COLLATE=utf8mb4_0900_ai_ci;
/*!40101 SET character_set_client = @saved_cs_client */;

--
-- Dumping data for table `mbm_products`
--

LOCK TABLES `mbm_products` WRITE;
/*!40000 ALTER TABLE `mbm_products` DISABLE KEYS */;
INSERT INTO `mbm_products` VALUES (8653,'FG100895C','CHAIR PARTS','ADJ TYPE HANDLE','OYO HANDLE PREMIUM',150),(8654,'FG100803','CHAIR PARTS','ADJ TYPE HANDLE','OVAL HANDLE NEW',205),(8655,'FG100812','CHAIR PARTS','ADJ TYPE HANDLE','OLA HANDLE WHITE',294),(8656,'FG101805','CHAIR PARTS','ADJ TYPE HANDLE','OYO HANDLE PREMIUM WITH ALTO PAD-FITTED(SPACEWOOD)',20),(8657,'FG101737','CHAIR PARTS','ADJ TYPE HANDLE','OLA HANDLE NYLON HOF',400),(8658,'FG100858','CHAIR PARTS','ADJ TYPE HANDLE','OLA HANDLE REGULAR',580),(8659,'FG100838','CHAIR PARTS','ADJ TYPE HANDLE','OYO HANDLE WITH 3D PAD-REGULAR',15),(8660,'FG100002','CHAIR PARTS','ADJ TYPE HANDLE','OYO HANDLE REGULAR',690),(8661,'FG100004','CHAIR PARTS','ADJ TYPE HANDLE','ADJ HANDLE',7875),(8662,'SFG100516','CHAIR PARTS','AXIS VISITOR','AXIS SHELL ORANGE',137),(8663,'SFG100523','CHAIR PARTS','AXIS VISITOR','AXIS SHELL YELLOW',4),(8664,'SFG100521','CHAIR PARTS','AXIS VISITOR','AXIS SHELL SILVER GREY',68),(8665,'SFG100520','CHAIR PARTS','AXIS VISITOR','AXIS SHELL SEA GREEN',28),(8666,'SFG100518','CHAIR PARTS','AXIS VISITOR','AXIS SHELL PINK',169),(8667,'SFG100515','CHAIR PARTS','AXIS VISITOR','AXIS SHELL KAKHI',103),(8668,'SFG100524','CHAIR PARTS','AXIS VISITOR','AXIS SHELL WHITE',48),(8669,'SFG100517','CHAIR PARTS','AXIS VISITOR','AXIS SHELL PARROT GREEN',7),(8670,'SFG100503','CHAIR PARTS','AXIS VISITOR','AXIS SHELL BLACK',105),(8671,'SFG100519','CHAIR PARTS','AXIS VISITOR','AXIS SHELL RED',51),(8672,'FG100162','CHAIR PARTS','AXIS VISITOR','AXIS SHELL BLUE WITH BLACK LEG',2),(8673,'SFG100522','CHAIR PARTS','AXIS VISITOR','AXIS SHELL SKY BLUE',48),(8674,'SFG100514','CHAIR PARTS','AXIS VISITOR','AXIS SHELL BLUE',52),(8675,'FG100023','CHAIR PARTS','BASE','NYLON BASE NEW',335),(8676,'FG100024','CHAIR PARTS','BASE','STAR BASE',68),(8677,'FG100020','CHAIR PARTS','BASE','G BASE',50),(8678,'FG100025','CHAIR PARTS','BASE','SPIDER BASE',1464),(8679,'FG100018','CHAIR PARTS','BASE','DOT BASE 20',350),(8680,'SFG100882','CHAIR PARTS','CHAIR PARTS PURCHASE','CHERRY HANDLE WITH BLACK FLAP',21),(8681,'SFG100201','CHAIR PARTS','CHAIR PARTS PURCHASE','AXIS SHELL CENTER PART',1795),(8682,'SFG100198','CHAIR PARTS','FIXED HANDLE','SOLITAIRE HANDLE',340),(8683,'FG100039','CHAIR PARTS','FIXED HANDLE','SWAN HANDLE',90),(8684,'FG100037','CHAIR PARTS','FIXED HANDLE','SONY HANDLE',129),(8685,'FG100930','CHAIR PARTS','FIXED HANDLE','T HANDLE WHITE',30),(8686,'SFG100195','CHAIR PARTS','FIXED HANDLE','MESH HANDLE LIGHT',410),(8687,'FG100034','CHAIR PARTS','FIXED HANDLE','IT HANDLE',170),(8688,'FG100033','CHAIR PARTS','FIXED HANDLE','GODRAJ HANDLE',210),(8689,'FG100029','CHAIR PARTS','FIXED HANDLE','CH HANDLE B',460),(8690,'FG100028','CHAIR PARTS','FIXED HANDLE','CH HANDLE',630),(8691,'FG100038','CHAIR PARTS','FIXED HANDLE','SLICE HANDLE',679),(8692,'FG100043','CHAIR PARTS','FIXED HANDLE','XW HANDLE LITE',2139),(8693,'FG100538','CHAIR PARTS','FIXED HANDLE','Arms Fixed AF52- Chouncha (BOCAFXD001)',1600),(8694,'FG100036','CHAIR PARTS','FIXED HANDLE','RF HANDLE',1650),(8695,'FG100399','CHAIR PARTS','FIXED HANDLE','T SONIC HANDLE',719),(8696,'FG100042','CHAIR PARTS','FIXED HANDLE','XW HANDLE HEAVY',1279),(8697,'SFG100658','CHAIR PARTS','FIXED HANDLE','KABEL HANDLE WHITE',715),(8698,'SFG101042','CHAIR PARTS','FIXED HANDLE','CHERRY HANDLE WHITE WITH METALLIC FLAP',150),(8699,'SFG100926','CHAIR PARTS','FIXED HANDLE','CHERRY HANDLE WITH METALLIC FLAP',819),(8700,'FG100035','CHAIR PARTS','FIXED HANDLE','NOVAL HANDLE',2499),(8701,'FG100040','CHAIR PARTS','FIXED HANDLE','T HANDLE',1220),(8702,'SFG100197','CHAIR PARTS','FIXED HANDLE','KABEL HANDLE',1060),(8703,'SFG100196','CHAIR PARTS','FIXED HANDLE','MESH HANDLE HEAVY',2445),(8704,'FG100053','CHAIR PARTS','INNER OUTER','JUPITER INNER OUTER',200),(8705,'SFG100034','CHAIR PARTS','INNER OUTER','803 OUTER',75),(8706,'FG100050','CHAIR PARTS','INNER OUTER','Plastic Back Advantage LB - 803 INNER OUTER HI (BOCPBIO002)',660),(8707,'FG100048','CHAIR PARTS','INNER OUTER','Plastic Back Advantage MB (BOCPBIO001)',850),(8708,'FG100052','CHAIR PARTS','INNER OUTER','DYNASITY INNER OUTER',590),(8709,'FG100046','CHAIR PARTS','INNER OUTER','801 INNER OUTER',70),(8710,'FG100049','CHAIR PARTS','INNER OUTER','803 INNER OUTER',840),(8711,'FG100045','CHAIR PARTS','INNER OUTER','Arms Fixed AF93 Contact - CONTACT NEW TYPE ARMS (BOCAFXD034)',2040),(8712,'FG100047','CHAIR PARTS','INNER OUTER','802 INNER OUTER',2890),(8713,'SFG100534','CHAIR PARTS','MARVEL VISITOR','MARVEL SHELL YELLOW',70),(8714,'SFG100535','CHAIR PARTS','MARVEL VISITOR','MARVEL SHELL WHITE',36),(8715,'SFG100532','CHAIR PARTS','MARVEL VISITOR','MARVEL SHELL SEA GREEN',2),(8716,'SFG100533','CHAIR PARTS','MARVEL VISITOR','MARVEL SHELL SILVER GERY',95),(8717,'SFG100531','CHAIR PARTS','MARVEL VISITOR','MARVEL SHELL RED',155),(8718,'SFG100525','CHAIR PARTS','MARVEL VISITOR','MARVEL SHELL BLACK',55),(8719,'SFG100528','CHAIR PARTS','MARVEL VISITOR','MARVEL SHELL ORANGE',2),(8720,'SFG100526','CHAIR PARTS','MARVEL VISITOR','MARVEL SHELL BLUE',21),(8721,'SFG100529','CHAIR PARTS','MARVEL VISITOR','MARVEL SHELL PARROT GREEN',30),(8722,'FG100176','CHAIR PARTS','MARVEL VISITOR','MARVELL SHELL BLACK WITH BLACK LEG',3),(8723,'FG100081','CHAIR PARTS','MESH BACK','JAZZ NETTED MB SPL (B)',505),(8724,'FG100378','CHAIR PARTS','MESH BACK','802 NETTED SPL',490),(8725,'FG101210','CHAIR PARTS','MESH BACK','805 NETTED PREMIUM',290),(8726,'FG100110','CHAIR PARTS','MESH BACK','MARVEL 2 MESH BACK',1155),(8727,'FG101401','CHAIR PARTS','MESH BACK','SUNNY NETTED HB REGULAR-NEW H/R',84),(8728,'FG100099','CHAIR PARTS','MESH BACK','X MESH BACK SPL',850),(8729,'FG100123','CHAIR PARTS','MESH BACK','MAJESTY NETTED HB REGULAR',84),(8730,'FG100395','CHAIR PARTS','MESH BACK','805 NETTED HOF',250),(8731,'FG100104','CHAIR PARTS','MESH BACK','MARVELL HB HOF',40),(8732,'FG100724','CHAIR PARTS','MESH BACK','MARVELL MB HOF',80),(8733,'FG101416','CHAIR PARTS','MESH BACK','SPENCER MESH BACK WITHOUT LUMBER SUPPORT HOF SPL',30),(8734,'FG101408','CHAIR PARTS','MESH BACK','COMFY MB- SELF CALIBRATING PATTA',55),(8735,'FG100077','CHAIR PARTS','MESH BACK','JAZZ NETTED MB',240),(8736,'FG100416','CHAIR PARTS','MESH BACK','BONAI MESH BACK WITH HANGER MB SPL',175),(8737,'FG101399','CHAIR PARTS','MESH BACK','OPTIMUS BACK HB -80 Degree',150),(8738,'FG100115','CHAIR PARTS','MESH BACK','SOLITAIRE NETTED MB WOF',20),(8739,'FG100381','CHAIR PARTS','MESH BACK','802 NETTED HOF',5),(8740,'FG100756','CHAIR PARTS','MESH BACK','804 NETTED GREY',50),(8741,'FG100916','CHAIR PARTS','MESH BACK','MYSTIC NETTED MB WHITE WITH GREY SPL FAB',5),(8742,'FG100978','CHAIR PARTS','MESH BACK','JAZZ NETTED MB-GREY',20),(8743,'FG101975','CHAIR PARTS','MESH BACK','BREEZE NETTED HB WHITE - WOF',191),(8744,'FG102174','CHAIR PARTS','MESH BACK','KABEL MESH BACK GREY CF-70 FAB',10),(8745,'FG102332','CHAIR PARTS','MESH BACK','BONAI MESH BACK WITH HANGER HB REGULAR WHITE - WOF',25),(8746,'FG100074','CHAIR PARTS','MESH BACK','JAZZ NETTED HB SPL',45),(8747,'FG100130','CHAIR PARTS','MESH BACK','BONAI MESH BACK WITH HANGER MB REGULAR',295),(8748,'FG101976','CHAIR PARTS','MESH BACK','BREEZE NETTED MB WHITE - WOF',10),(8749,'FG100383','CHAIR PARTS','MESH BACK','804 NETTED SPL',240),(8750,'FG101173','CHAIR PARTS','MESH BACK','JAZZ NETTED MB (B) SPL WITHOUT LOGO BOX',100),(8751,'FG101192','CHAIR PARTS','MESH BACK','JAZZ NETTED MB ZEBRO',384),(8752,'FG100087','CHAIR PARTS','MESH BACK','MATRIX NETTED 1 75MM HOF',540),(8753,'FG101091','CHAIR PARTS','MESH BACK','KABEL MESH BACK WHITE WOF',70),(8754,'FG101999','CHAIR PARTS','MESH BACK','BUTTERFLY NETTED HB REGULAR- AN 75 GREY',48),(8755,'FG100094','CHAIR PARTS','MESH BACK','NEW NETTED SPL',180),(8756,'FG101972','CHAIR PARTS','MESH BACK','BUTTERFLY NETTED HB REGULAR -YUVA FAB',1),(8757,'FG102405','CHAIR PARTS','MESH BACK','JAZZ NETTED MB (B) WITH AN75 GREY FAB',150),(8758,'FG100921','CHAIR PARTS','MESH BACK','CHERRY MESHBACK NETTED',1080),(8759,'FG101403','CHAIR PARTS','MESH BACK','MONARCH NETTED HB REGULAR-NEW H/R',8),(8760,'FG100068','CHAIR PARTS','MESH BACK','807 NETTED',30),(8761,'FG100096','CHAIR PARTS','MESH BACK','VISITOR NETTED',400),(8762,'SFG100586','CHAIR PARTS','MESH BACK','804 NETTED WHITE WOF',180),(8763,'FG100114','CHAIR PARTS','MESH BACK','SOLITAIRE NETTED MB',270),(8764,'FG100075','CHAIR PARTS','MESH BACK','JAZZ NETTED HB SPL (B)',225),(8765,'FG100129','CHAIR PARTS','MESH BACK','BONAI MESH BACK WITH HANGER HB REGULAR',438),(8766,'FG100402','CHAIR PARTS','MESH BACK','SOLITAIRE NETTED MB SPL',170),(8767,'FG100922','CHAIR PARTS','MESH BACK','PEARS MESHBACK NETTED',990),(8768,'FG100405','CHAIR PARTS','MESH BACK','SPENCER MESH BACK SPL',90),(8769,'FG100108','CHAIR PARTS','MESH BACK','FLASH MESH BACK-75MM PATTA',770),(8770,'FG100380','CHAIR PARTS','MESH BACK','803 NETTED HOF',30),(8771,'FG101321','CHAIR PARTS','MESH BACK','DYNAMIC MESH BACK SPL',1490),(8772,'FG100126','CHAIR PARTS','MESH BACK','OPTIMUS BACK HB',318),(8773,'FG100102','CHAIR PARTS','MESH BACK','MARVELL MB',820),(8774,'FG100132','CHAIR PARTS','MESH BACK','BONAI MESH BACK WITHOUT HANGER MB REGULAR',90),(8775,'FG100125','CHAIR PARTS','MESH BACK','MONARCH NETTED HB REGULAR',104),(8776,'FG102051','CHAIR PARTS','MESH BACK','OPTIMUS BACK HB -SCM PATTA',152),(8777,'FG100112','CHAIR PARTS','MESH BACK','MARVEL 2 HB',668),(8778,'FG101133','CHAIR PARTS','MESH BACK','MARVEL 2 HB SPL - MM',508),(8779,'FG100124','CHAIR PARTS','MESH BACK','MONARCH NETTED MB REGULAR',135),(8780,'FG100418','CHAIR PARTS','MESH BACK','BONAI MESH BACK WITHOUT HANGER MB SPL',150),(8781,'FG102393','CHAIR PARTS','MESH BACK','OPTIMUS BACK MB - PITRODA PATTA',180),(8782,'FG100111','CHAIR PARTS','MESH BACK','MARVEL 2 MESH BACK SPL',580),(8783,'FG100066','CHAIR PARTS','MESH BACK','806 NETTED',230),(8784,'FG100085','CHAIR PARTS','MESH BACK','MATRIX NETTED 1 65MM',204),(8785,'FG100113','CHAIR PARTS','MESH BACK','MARVEL 2 HB SPL',1324),(8786,'FG101314','CHAIR PARTS','MESH BACK','MYSTIC NETTED HB REGULAR - NEW H/R',12),(8787,'FG101402','CHAIR PARTS','MESH BACK','MAJESTY NETTED HB REGULAR-NEW H/R',100),(8788,'FG100379','CHAIR PARTS','MESH BACK','803 NETTED SPL',90),(8789,'FG101096','CHAIR PARTS','MESH BACK','BONAI MESH BACK WITHOUT HANGER MB SPL REGULAR WITH OUT LOGO BOX',610),(8790,'FG100403','CHAIR PARTS','MESH BACK','KABEL MESH BACK WOF',150),(8791,'FG102290','CHAIR PARTS','MESH BACK','JAZZ NETTED MB (B)  WITH HEADREST HOLE',150),(8792,'SFG100644','CHAIR PARTS','MESH BACK','JAZZ HEAD REST',20),(8793,'FG100103','CHAIR PARTS','MESH BACK','MARVELL HB',396),(8794,'FG100127','CHAIR PARTS','MESH BACK','OPTIMUS BACK MB',56),(8795,'FG101678','CHAIR PARTS','MESH BACK','MATRIX NETTED 1 75MM SPL',105),(8796,'FG100122','CHAIR PARTS','MESH BACK','MAJESTY NETTED MB REGULAR',140),(8797,'FG100118','CHAIR PARTS','MESH BACK','BREEZE NETTED MB REGULAR',100),(8798,'FG100116','CHAIR PARTS','MESH BACK','MYSTIC NETTED MB REGULAR',205),(8799,'FG101278','CHAIR PARTS','MESH BACK','BREEZE NETTED HB REGULAR - NEW H/R',4),(8800,'FG100134','CHAIR PARTS','MESH BACK','KABEL MESH BACK SPL',20),(8801,'FG100098','CHAIR PARTS','MESH BACK','X MESH BACK REGULAR',435),(8802,'FG100382','CHAIR PARTS','MESH BACK','804 NETTED',3370),(8803,'FG100995','CHAIR PARTS','MESH BACK','PEARS MESHBACK SPL',760),(8804,'FG100071','CHAIR PARTS','MESH BACK','BUTTERFLY NETTED MB REGULAR',2010),(8805,'FG100101','CHAIR PARTS','MESH BACK','YUVA MESH BACK SPL',15),(8806,'FG100109','CHAIR PARTS','MESH BACK','FLASH MESH BACK SPL-75MM PATTA',370),(8807,'FG100994','CHAIR PARTS','MESH BACK','CHERRY MESHBACK SPL',940),(8808,'FG100056','CHAIR PARTS','MESH BACK','803 NETTED',735),(8809,'FG101137','CHAIR PARTS','MESH BACK','PEARS MESHBACK WOF',60),(8810,'FG100131','CHAIR PARTS','MESH BACK','BONAI MESH BACK WITHOUT HANGER HB REGULAR',174),(8811,'FG100537','CHAIR PARTS','MESH BACK','BONAI MESH BACK WITH HANGER HB SPL',123),(8812,'FG100387','CHAIR PARTS','MESH BACK','805 NETTED SPL',460),(8813,'FG100133','CHAIR PARTS','MESH BACK','KABEL MESH BACK',1110),(8814,'FG100974','CHAIR PARTS','MESH BACK','MARVEL 2 MESH BACK SPL (MM)',709),(8815,'FG100073','CHAIR PARTS','MESH BACK','JAZZ NETTED HB (B)',650),(8816,'FG100070','CHAIR PARTS','MESH BACK','BUTTERFLY NETTED HB',1432),(8817,'FG100417','CHAIR PARTS','MESH BACK','BONAI MESH BACK WITHOUT HANGER HB SPL',285),(8818,'FG100392','CHAIR PARTS','MESH BACK','805 NETTED',3780),(8819,'FG100080','CHAIR PARTS','MESH BACK','JAZZ NETTED MB (B)',1475),(8820,'FG100086','CHAIR PARTS','MESH BACK','MATRIX NETTED 1 75MM',820),(8821,'FG100054','CHAIR PARTS','MESH BACK','802 NETTED',1035),(8822,'FG100084','CHAIR PARTS','MESH BACK','MATRIX JAMBO 75MM',363),(8823,'FG100092','CHAIR PARTS','MESH BACK','NEW NETTED',1060),(8824,'FG100521','CHAIR PARTS','METAL BASE','ALFA BASE POWDER/C',84),(8825,'FG100530','CHAIR PARTS','METAL BASE','ALFA BASE',33),(8826,'FG100531','CHAIR PARTS','METAL BASE','BEETA BASE',39),(8827,'FG100925','CHAIR PARTS','PU PAD','D PAD PLASTIC',92),(8828,'SFG100168','CHAIR PARTS','SEAT BACK','GAMA BACK BLACK',580),(8829,'FG100137','CHAIR PARTS','SEAT BACK','GAMA BLACK',170),(8830,'FG100138','CHAIR PARTS','SEAT BACK','GAMA BLUE',419),(8831,'SFG100170','CHAIR PARTS','SEAT BACK','GAMA BACK BLUE',40),(8832,'SFG100171','CHAIR PARTS','SEAT BACK','GAMA SEAT CHERRY',50),(8833,'FG100142','CHAIR PARTS','SEAT BACK','GAMA YELLOW',220),(8834,'SFG100178','CHAIR PARTS','SEAT BACK','GAMA BACK YELLOW',24),(8835,'FG100139','CHAIR PARTS','SEAT BACK','GAMA CHERRY',20),(8836,'SFG100176','CHAIR PARTS','SEAT BACK','GAMA BACK RED',3),(8837,'SFG100177','CHAIR PARTS','SEAT BACK','GAMA SEAT YELLOW',103),(8838,'SFG100175','CHAIR PARTS','SEAT BACK','GAMA SEAT RED',265),(8839,'SFG100173','CHAIR PARTS','SEAT BACK','GAMA SEAT GREEN',150),(8840,'SFG100174','CHAIR PARTS','SEAT BACK','GAMA BACK GREEN',91),(8841,'FG101187','CHAIR PARTS','SEAT COVER','SEAT COVER MATRIX',880),(8842,'FG100926','CHAIR PARTS','SEAT COVER','SEAT COVER BUTTERFLY',270),(8843,'FG100143','CHAIR PARTS','SEAT COVER','SEAT COVER CONTACT',3330),(8844,'FG100144','CHAIR PARTS','SEAT COVER','SEAT COVER EDEN',1340),(8845,'FG100400','CHAIR PARTS','SEAT COVER','Plastic Cover Seat Contact - Flat (BOCPSCR016)',4290),(8846,'FG101216','CHAIR PARTS','SEAT COVER','SEAT COVER DYNAMIC',1543),(8847,'FG100158','CHAIR PARTS','SHELL','BAR SHELL ORANGE WL',122),(8848,'FG100156','CHAIR PARTS','SHELL','BAR SHELL BLACK WL',6),(8849,'FG101931','CHAIR PARTS','SHELL','BAR SHELL YELLOW WL',145),(8850,'FG102404','CHAIR PARTS','SHELL','BAR SHELL YELLOW WL SPL',110),(8851,'FG100146','CHAIR PARTS','SHELL','CENTURY BLACK',155),(8852,'FG100150','CHAIR PARTS','SHELL','MEGHNA SHELL BLUE',38),(8853,'FG100154','CHAIR PARTS','SHELL','MEGHNA SHELL RED',303),(8854,'FG100151','CHAIR PARTS','SHELL','MEGHNA SHELL CHERRY',390),(8855,'FG100160','CHAIR PARTS','SHELL','BAR SHELL WHITE WL',166),(8856,'FG100152','CHAIR PARTS','SHELL','MEGHNA SHELL GREEN',428),(8857,'FG100155','CHAIR PARTS','SHELL','MEGHNA SHELL YELLOW',503),(8858,'FG100148','CHAIR PARTS','SHELL','CENTURY RED',27),(8859,'FG100157','CHAIR PARTS','SHELL','BAR SHELL GREEN WL',27),(8860,'FG100159','CHAIR PARTS','SHELL','BAR SHELL RED WL',145),(8861,'FG101119','CHAIR PARTS','VIVA ACC','VIVA 1S CENTER BEAM MULTI SEATER BLACK',17),(8862,'FG101070','CHAIR PARTS','VIVA ACC','VIVA 2S CENTER BEAM MULTI SEATER BLACK',24),(8863,'FG101120','CHAIR PARTS','VIVA ACC','VIVA 4S CENTER BEAM MULTI SEATER BLACK',37),(8864,'FG101071','CHAIR PARTS','VIVA ACC','VIVA 3S CENTER BEAM MULTI SEATER BLACK',190),(8865,'SFG100896','CHAIR PARTS','VIVA ACC','VIVA MULTISEATER LEG 1S/2S/3S',306),(8866,'SFG101127','CHAIR PARTS','VIVA ACC','VIVA MULTISEATER 3S HANDLE',276),(8867,'SFG101324','CHAIR PARTS','VIVA SOFA','VIVA MULTISEATER SEAT AND BACK SLIVER GREY SEMI',5),(8868,'SFG101090','CHAIR PARTS','VIVA SOFA','VIVA MULTISEATER SEAT AND BACK DARK GREY SEMI',4),(8869,'SFG101030','CHAIR PARTS','VIVA SOFA','VIVA MULTISEATER SEAT AND BACK BLUE SEMI',5),(8870,'SFG100582','CHAIR PARTS','null','AXIS & MARVEL SHELL LEG WHITE',370),(8871,'FG101421','FULL CHAIR','FULL CHAIR','FLIP TRAINING CHAIR-PC WITH PAD WITH WHEEL',2),(8872,'FG100341','FULL CHAIR','FULL CHAIR','BREEZE CHAIR MB',41),(8873,'FG101756','FULL CHAIR','FULL CHAIR','SOLITAIRE CHAIR - GREY WITH METAL BASE',1),(8874,'FG102056','FULL CHAIR','FULL CHAIR','802 CUSHION CHAIR BLUE WITH SPIDER BASE',7),(8875,'FG101562','FULL CHAIR','FULL CHAIR','803 NETTED CHAIR WITH SPIDER BASE',30),(8876,'FG100356','FULL CHAIR','FULL CHAIR','SPENCER CHAIR',67),(8877,'FG101236','FULL CHAIR','FULL CHAIR','SOLITAIRE CHAIR BLUE',1),(8878,'FG101800','FULL CHAIR','FULL CHAIR','804 NETTED CHAIR - IMP CROME BASE WITH IMP WHEEL',18),(8879,'FG100329','FULL CHAIR','FULL CHAIR','NEW NETTED CHAIR',11),(8880,'FG100397','FULL CHAIR','FULL CHAIR','INDIAN OPTIMUS CHAIR HB [B]',2),(8881,'FG101289','FULL CHAIR','FULL CHAIR','JAZZ HB CHAIR - WITH SPIDER BASE',2),(8882,'FG101675','FULL CHAIR','FULL CHAIR','802 NETTED CHAIR WITH NOVAL HANDLE',4),(8883,'FG101780','FULL CHAIR','FULL CHAIR','MARVEL 2 HB CHAIR(WITH CROME BASE MULTILOCK MECHANISAM)',4),(8884,'FG101934','FULL CHAIR','FULL CHAIR','BONAI CHAIR WITH HANGER MB SPL',5),(8885,'FG101877','FULL CHAIR','FULL CHAIR','MMC-X MESH CHAIR',1),(8886,'FG101762','FULL CHAIR','FULL CHAIR','Galen Study Chair - Jazz HB Chair with Spider base -Urbanladder-FNSTCH81BK10909',298),(8887,'FG101713','FULL CHAIR','FULL CHAIR','803 NETTED CHAIR WITH METAL BASE',8),(8888,'FG100347','FULL CHAIR','FULL CHAIR','MONARCH CHAIR MB',2),(8889,'FG102305','FULL CHAIR','FULL CHAIR','FLIP TRAINING CHAIR-PC W/PAD W/O WHEEL',2),(8890,'FG100415','FULL CHAIR','FULL CHAIR','BONAI CHAIR WITH HANGER HB SPL',40),(8891,'FG101253','FULL CHAIR','FULL CHAIR','802 CUSHION CHAIR BLUE',8),(8892,'FG102057','FULL CHAIR','FULL CHAIR','802 CUSHION CHAIR WITH SPIDER BASE',12),(8893,'FG101729','FULL CHAIR','FULL CHAIR','BONAI CHAIR WITH HANGER HB -DAMRO',11),(8894,'FG101422','FULL CHAIR','FULL CHAIR','FLIP TRAINING CHAIR-CHROME WITH PAD WITHOUT WHEEL',5),(8895,'FG100335','FULL CHAIR','FULL CHAIR','FLASH MESH CHAIR',161),(8896,'FG102041','FULL CHAIR','FULL CHAIR','FLIP TRAINING CHAIR-PC WITHOUT PAD WITHOUT WHEEL',63),(8897,'FG100333','FULL CHAIR','FULL CHAIR','MARVELL MB CHAIR',47),(8898,'FG101624','FULL CHAIR','FULL CHAIR','802 NETTED CHAIR WITH OLA HANDLE',31),(8899,'FG101568','FULL CHAIR','FULL CHAIR','KABEL CHAIR WITH METAL BASE',2),(8900,'FG101672','FULL CHAIR','FULL CHAIR','MAJESTY CHAIR HB WITH METAL BASE',1),(8901,'FG100612','FULL CHAIR','FULL CHAIR','802 CUSHION CHAIR',16),(8902,'FG100316','FULL CHAIR','FULL CHAIR','806 NETTED CHAIR',9),(8903,'FG100354','FULL CHAIR','FULL CHAIR','BONAI CHAIR WITHOUT HANGER MB',9),(8904,'FG100611','FULL CHAIR','FULL CHAIR','SOLITAIRE [V] CHAIR',10),(8905,'FG100607','FULL CHAIR','FULL CHAIR','803 [V] CHAIR',10),(8906,'FG100317','FULL CHAIR','FULL CHAIR','807 NETTED CHAIR',13),(8907,'FG100340','FULL CHAIR','FULL CHAIR','MYSTIC CHAIR HB',31),(8908,'FG100339','FULL CHAIR','FULL CHAIR','MYSTIC CHAIR MB',3),(8909,'FG100346','FULL CHAIR','FULL CHAIR','MAJESTY CHAIR HB',31),(8910,'FG100345','FULL CHAIR','FULL CHAIR','MAJESTY CHAIR MB',56),(8911,'FG100342','FULL CHAIR','FULL CHAIR','BREEZE CHAIR HB',27),(8912,'FG100334','FULL CHAIR','FULL CHAIR','MARVELL HB CHAIR',73),(8913,'FG100311','FULL CHAIR','FULL CHAIR','JUPITER CHAIR',11),(8914,'FG100627','FULL CHAIR','FULL CHAIR','803 CUSHION CHAIR',3),(8915,'FG100937','FULL CHAIR','FULL CHAIR','GILMA NETTED MB CHAIR',5),(8916,'FG100338','FULL CHAIR','FULL CHAIR','SOLITAIRE CHAIR',135),(8917,'FG100357','FULL CHAIR','FULL CHAIR','GAMA CHAIR BLACK',10),(8918,'FG100753','FULL CHAIR','FULL CHAIR','KABEL CHAIR',4),(8919,'FG101480','FULL CHAIR','FULL CHAIR','Elain Study Chair - 802 MB Chair-Urbanladder-FNSTCH41BK10808',144),(8920,'FG100331','FULL CHAIR','FULL CHAIR','X MESH CHAIR',55),(8921,'FG100540','FULL CHAIR','FULL CHAIR','805 NETTED [V] CHAIR',74),(8922,'FG100546','FULL CHAIR','FULL CHAIR','804 NETTED [V] CHAIR',37),(8923,'FG100570','FULL CHAIR','FULL CHAIR','JAZZ MB [V] CHAIR',17),(8924,'FG101093','FULL CHAIR','FULL CHAIR','PEARS NETTED CHAIR',92),(8925,'FG101094','FULL CHAIR','FULL CHAIR','CHERRY NETTED CHAIR',142),(8926,'FG100330','FULL CHAIR','FULL CHAIR','VISITOR NETTED CHAIR',25),(8927,'FG100336','FULL CHAIR','FULL CHAIR','MARVEL 2 MB CHAIR',100),(8928,'FG101135','FULL CHAIR','FULL CHAIR','JAZZ MB CHAIR - DAMRO',22),(8929,'FG101839','FULL CHAIR','FULL CHAIR','JAZZ HB CHAIR - DAMRO',59),(8930,'FG100314','FULL CHAIR','FULL CHAIR','804 NETTED CHAIR',86),(8931,'FG100352','FULL CHAIR','FULL CHAIR','BONAI CHAIR WITH HANGER MB',1),(8932,'FG100351','FULL CHAIR','FULL CHAIR','BONAI CHAIR WITH HANGER HB',27),(8933,'FG101420','FULL CHAIR','FULL CHAIR','FLIP TRAINING CHAIR-PC WITH PAD WITHOUT WHEEL',18),(8934,'FG101868','FULL CHAIR','FULL CHAIR','MMC-JAZZ MB [V] CHAIR',1),(8935,'FG100319','FULL CHAIR','FULL CHAIR','BUTTERFLY HB CHAIR',95),(8936,'FG100332','FULL CHAIR','FULL CHAIR','YUVA MESH CHAIR',58),(8937,'FG101631','FULL CHAIR','FULL CHAIR','COMFY MB CHAIR',20),(8938,'FG100545','FULL CHAIR','FULL CHAIR','KABEL [V] CHAIR',2),(8939,'FG102359','FULL CHAIR','FULL CHAIR','804 NETTED [V] CHAIR - SEAT RED',5),(8940,'FG100322','FULL CHAIR','FULL CHAIR','JAZZ MB CHAIR',40),(8941,'FG100313','FULL CHAIR','FULL CHAIR','803 NETTED CHAIR',144),(8942,'FG100523','FULL CHAIR','FULL CHAIR','OPTIMUS HB CHAIR',36),(8943,'FG100320','FULL CHAIR','FULL CHAIR','BUTTERFLY MB CHAIR',31),(8944,'FG101166','FULL CHAIR','FULL CHAIR','DYNAMIC CHAIR',30),(8945,'FG100337','FULL CHAIR','FULL CHAIR','MARVEL 2 HB CHAIR',219),(8946,'FG100324','FULL CHAIR','FULL CHAIR','MATRIX JAMBO 75MM CHAIR',50),(8947,'FG100544','FULL CHAIR','FULL CHAIR','GILMA NETTED HB CHAIR',45),(8948,'FG101287','FULL CHAIR','FULL CHAIR','805 NETTED CHAIR WITH METAL BASE',15),(8949,'FG100321','FULL CHAIR','FULL CHAIR','JAZZ HB CHAIR',43),(8950,'FG100315','FULL CHAIR','FULL CHAIR','805 NETTED CHAIR',148),(8951,'FG102297','FULL CHAIR','null','POFIT-AC-HAM OFFICE CHAIR',1),(8952,'FG100619','IMPORT','DISCONTINUED','OfficeChair5304[Brown]',2),(8953,'FG101051','IMPORT','DISCONTINUED','Office Chair A-1911',1),(8954,'FG100423','IMPORT','DISCONTINUED','AIR001Airport Metal Sofa [Grey]-4S',9),(8955,'FG100424','IMPORT','DISCONTINUED','AIR001Airport Sofa SS [4S]',15),(8956,'FG100434','IMPORT','DISCONTINUED','ImpAirportSofaGrey[4S]',17),(8957,'FG100436','IMPORT','DISCONTINUED','ImpAirportsofaMaroon[2Seat]',53),(8958,'FG100478','IMPORT','DISCONTINUED','VisitorChair1102Black',2),(8959,'FG100696','IMPORT','DISCONTINUED','OFFICE CHAIR LA - 866 MH',1),(8960,'FG100938','IMPORT','DISCONTINUED','Air001AirportsofaSS[3S] WITH CUSHION',1),(8961,'FG101587','IMPORT','DISCONTINUED','ZOHO CHAIR (NON FLEXIBLE)',1),(8962,'FG100958','IMPORT','DISCONTINUED','VISITOR CHAIR D004 - BLACK',1),(8963,'FG100465','IMPORT','DISCONTINUED','OfficeChairR1-FC[2H]',1),(8964,'FG100577','IMPORT','DISCONTINUED','MB008OfficeChairSleeRexine900b[white]',7),(8965,'FG100475','IMPORT','DISCONTINUED','CorporateVisitor[GreyFrame]A-134',2),(8966,'FG100441','IMPORT','DISCONTINUED','OfficeChair2687[Brown]',1),(8967,'FG100598','IMPORT','DISCONTINUED','SLEEK CUSHION HB 900A',1),(8968,'FG100479','IMPORT','DISCONTINUED','VisitorChair1113',44),(8969,'FG100731','IMPORT','DISCONTINUED','SLEEK CUSHION MB 900B',5),(8970,'FG100487','IMPORT','DISCONTINUED','CLASSMATE 001 HY 228B',71),(8971,'FG100458','IMPORT','DISCONTINUED','OfficeChair BOSS MB - F281',14),(8972,'FG100733','IMPORT','DISCONTINUED','OFFICE CHAIR REMY MB 240B',2),(8973,'FG100744','IMPORT','DISCONTINUED','VISITOR CHAIR J081 WHITE',38),(8974,'FG102376','IMPORT','IMP SOFA','SOFA 3 SEATER - W8700',1),(8975,'FG100548','IMPORT','IMPORT ACCESSORIES','LIFTER 120 mm [Class 2]-FG',8),(8976,'RM101427','IMPORT','IMPORT ACCESSORIES','LIFTER 85 MM',2900),(8977,'FG101060','IMPORT','IMPORT ACCESSORIES','Sofa Center Suport pipe',163),(8978,'FG100654','IMPORT','IMPORT ACCESSORIES','LIFTER 260 mm [Class 2]-FG',399),(8979,'RM101425','IMPORT','IMPORT ACCESSORIES','LIFTER 120 MM [CLASS 4]',14289),(8980,'FG100727','IMPORT','IMPORT ACCESSORIES','BAR CHAIR ACCESSORIES',586),(8981,'FG100617','IMPORT','IMPORT ACCESSORIES','Imp Arm & Leg',21),(8982,'FG100549','IMPORT','IMPORT ACCESSORIES','CASTOR WHEEL PIN',85560),(8983,'RM100653','IMPORT','IMPORT ACCESSORIES','LIFTER 100 MM [CLASS 4]',21540),(8984,'FG102375','IMPORT','OFFICE CHAIR','HYBA F1 FULL PU',17),(8985,'FG100444','IMPORT','OFFICE CHAIR','OfficeChair3286SE[Brown]',70),(8986,'FG100584','IMPORT','OFFICE CHAIR','OfficeChair GRANDEUR HB - 9132',1),(8987,'FG100460','IMPORT','OFFICE CHAIR','OfficeChairFILO-ALBlack',22),(8988,'FG100591','IMPORT','OFFICE CHAIR','OfficeChair5301[Brown]',1),(8989,'FG100592','IMPORT','OFFICE CHAIR','OfficeChair6121[Brown]',1),(8990,'FG100843','IMPORT','OFFICE CHAIR','Duke High Back k830H Black',1),(8991,'FG100451','IMPORT','OFFICE CHAIR','Duke Medium Back K-830MBlack',2),(8992,'FG100452','IMPORT','OFFICE CHAIR','Office Chair Godrez HB K-836H Black',1),(8993,'FG100904','IMPORT','OFFICE CHAIR','Office Chair M38',2),(8994,'FG100455','IMPORT','OFFICE CHAIR','OfficeChairD1-808BBlack - ROCKY',1),(8995,'FG100470','IMPORT','OFFICE CHAIR','WingsGreyOfficeChairG106B',1),(8996,'FG100740','IMPORT','OFFICE CHAIR','OFFICE CHAIR FILO A1 GREY',18),(8997,'FG102374','IMPORT','OFFICE CHAIR','HYBA F1 MESH BACK - FABRIC SEAT',29),(8998,'FG100464','IMPORT','OFFICE CHAIR','OfficeChairR1-FM[2W]',1),(8999,'FG100582','IMPORT','OFFICE CHAIR','OfficeChairQ52',23),(9000,'FG101064','IMPORT','OFFICE CHAIR','OFFICE CHAIR D1 HB - BLACK',26),(9001,'FG101050','IMPORT','OFFICE CHAIR','Office Chair Q62',128),(9002,'FG100454','IMPORT','OFFICE CHAIR','InoxOfficeChair',2),(9003,'FG100738','IMPORT','OFFICE CHAIR','OFFICE CHAIR D1 HB - BROWN',59),(9004,'FG102316','IMPORT','OFFICE CHAIR','A813 OFFICE CHAIR',39),(9005,'FG100590','IMPORT','OFFICE CHAIR','OfficeChair3286SE[Black]',20),(9006,'FG100585','IMPORT','OFFICE CHAIR','OfficeChair BOSS HB F181',29),(9007,'FG100463','IMPORT','OFFICE CHAIR','OfficeChairQ57-1BlACK',3),(9008,'FG100474','IMPORT','SLEEK CHAIR','MB002 SLEEK NETTED MB 801B',3),(9009,'FG102295','IMPORT','SLEEK CHAIR','HB005 Sleek Rexine HB Grey',45),(9010,'FG100471','IMPORT','SLEEK CHAIR','OfficeChair SleekNetted hb 801A',2),(9011,'FG100576','IMPORT','SLEEK CHAIR','MB006 Sleek Rexine MB 901B',20),(9012,'FG102296','IMPORT','SLEEK CHAIR','MB006 Sleek Rexine MB Grey',25),(9013,'FG100472','IMPORT','SLEEK CHAIR','HB005 SLEEK REXINE HB 901A',15),(9014,'FG101574','IMPORT','TABLE','WFH TABLE-007',36),(9015,'FG101582','IMPORT','TABLE','WFH TABLE-012',45),(9016,'FG101642','IMPORT','TABLE','WFH TABLE 010',39),(9017,'FG101556','IMPORT','TABLE','WFH TABLE-003',25),(9018,'FG100477','IMPORT','VISITOR CHAIR','VisitorChair1101Cream',10),(9019,'FG100578','IMPORT','VISITOR CHAIR','VS004 VISITOR CHAIR SLEEK REXINE 901C',4),(9020,'FG100563','IMPORT','VISITOR CHAIR','VS003 VISITOR CHAIR SLEEK NETTED 801C',3),(9021,'FG100936','IMPORT','VISITOR CHAIR','Visitor Chair 6009',65),(9022,'FG100841','IMPORT','VISITOR CHAIR','VISITOR CHAIR D1 [VC] BLACK',15),(9023,'FG100593','IMPORT','VISITOR CHAIR','OfficeChairZD182BBlack',75),(9024,'FG102251','MECHANISM','FULL CHAIR ASSY PURCHASE','TILTING MECHANISM (NEW)',910),(9025,'FG100305','MECHANISM','MECHANISM','OPTIMUS MECHANISM',26),(9026,'FG100303','MECHANISM','MECHANISM','PUSH BACK LITE MECHANISM',4),(9027,'FG102197','MECHANISM','null','PUSH BACK LITE MECHANISM (NEW)',2110),(9028,'FG100272','METRO SOFA','METRO SOFA','METRO SOFA 3 SEATER METALLIC SLIVER WITH CUSHION',1),(9029,'FG100768','METRO SOFA','METRO SOFA','METRO SOFA 2 SEATER METALLIC SLIVER',18),(9030,'FG102308','METRO SOFA','METRO SOFA','METRO SOFA 3 SEATER MAROON (NEW)',36),(9031,'FG100275','METRO SOFA','METRO SOFA','METRO SOFA 3 SEATER SILVER H/B WITHOUT CUSHION BLACK',7),(9032,'FG100529','METRO SOFA','METRO SOFA','METRO SOFA 3 SEATER H/B METALIC (SILVER)',30),(9033,'FG100775','METRO SOFA','METRO SOFA','METRO SOFA 4 SEATER CHERRY',10),(9034,'FG100298','METRO SOFA','METRO SOFA','METRO SOFA 5 SEATER METALLIC SLIVER',10),(9035,'FG100774','METRO SOFA','METRO SOFA','METRO SOFA 4 SEATER BLUE',10),(9036,'FG101292','METRO SOFA','METRO SOFA','METRO SOFA 3 SEATER METALLIC SILVER - FITTED',8),(9037,'FG102054','METRO SOFA','METRO SOFA','METRO SOFA 3 SEATER METALLIC SILVER EASY FITTED',3),(9038,'FG100657','METRO SOFA','METRO SOFA','METRO SOFA 3 SEATER [4ARMS] METALIC SILVER',7),(9039,'FG100810','METRO SOFA','METRO SOFA','METRO SOFA 2 SEATER 3 HANDLE METALIC SILVER',3),(9040,'FG100707','METRO SOFA','METRO SOFA','METRO SOFA 5 SEATER METALIC(SILVER)6 HANDLE',20),(9041,'FG100763','METRO SOFA','METRO SOFA','METRO SOFA 1 SEATER METALLIC SLIVER',2),(9042,'FG102246','METRO SOFA','METRO SOFA','METRO SOFA 4 SEATER METALLIC SILVER (NEW)',19),(9043,'FG100274','METRO SOFA','METRO SOFA','METRO SOFA 3 SEATER SILVER H/B WITH CUSHION BLACK',4),(9044,'FG102312','METRO SOFA','METRO SOFA','METRO SOFA 3 SEATER BLUE (NEW)',28),(9045,'FG100912','METRO SOFA','METRO SOFA','METRO SOFA 3 SEATER METALLIC SILVER-W/O LOGO BOX AND PART',90),(9046,'FG102193','METRO SOFA','null','METRO SOFA 3 SEATER METALLIC SILVER (NEW)',197),(9047,'FG100200','PU','PU FOAM','505 PU FOAM',30),(9048,'FG100214','PU','PU FOAM','DELIGHT SEAT PU FOAM',20),(9049,'FG100718','PU','PU FOAM','BUTTERFLY SEAT PU',20),(9050,'FG100223','PU','PU FOAM','MATRIX SEAT PU FOAM',40),(9051,'FG100222','PU','PU FOAM','JUPITER BACK PU FOAM',10),(9052,'FG100409','PU','PU PAD','PU PAD ALTO',850),(9053,'FG100411','PU','PU PAD','PU HANDLE CONTURE 010',30),(9054,'FG100518','PU','PU PAD','AUDITORIUM WITH PAD',50),(9055,'FG100758','PU','PU PAD','PU HANDLE 61C BALCK',83),(9056,'FG100522','PU','PU PAD','PU PAD 76CFL FD A1 HOF',350),(9057,'FG100188','PU','PU PAD','PU PAD 76CFL FD A1',92),(9058,'FG100191','PU','PU PAD','PU HANDLE 009',7),(9059,'FG100189','PU','PU PAD','PU HANDLE AK47',3),(9060,'FG100190','PU','PU PAD','PU PAD CRUSE',50),(9061,'FG100192','PU','PU PAD','PU PAD DOOM',350),(9062,'FG100187','PU','PU PAD','PU PAD 76CFL FD',500),(9063,'FG100519','PU','PU PAD','PU PAD 76CFL D BIG',800),(9064,'FG101364','SANITIZER STAND','SANITIZER STAND','SANITIZER STAND METALLIC SILVER',1),(10301,'FG10B895','FULL CHAIR','FULL CHAIR','OYO CHAIR PREMIUM WITH ALTO PAD-FITTED(SPACEWOOD)',150),(10713,'FG10AC95','FULL CHAIR','FULL CHAIR','OYO CHAIR PREMIUM WITH ALTO PAD-FITTED(SPACEWOOD)',150),(11125,'FG10ADE95','FULL CHAIR','FULL CHAIR','OYO CHAIR PREMIUM WITH ALTO PAD-FITTED(SPACEWOOD)',150);
/*!40000 ALTER TABLE `mbm_products` ENABLE KEYS */;
UNLOCK TABLES;

--
-- Table structure for table `notifications`
--

DROP TABLE IF EXISTS `notifications`;
/*!40101 SET @saved_cs_client     = @@character_set_client */;
/*!50503 SET character_set_client = utf8mb4 */;
CREATE TABLE `notifications` (
  `id` int NOT NULL AUTO_INCREMENT,
  `user_id` int NOT NULL,
  `order_id` int DEFAULT NULL,
  `notification_content` varchar(255) DEFAULT NULL,
  `CREATEDATE` varchar(100) DEFAULT NULL,
  PRIMARY KEY (`id`)
) ENGINE=InnoDB AUTO_INCREMENT=308 DEFAULT CHARSET=utf8mb4 COLLATE=utf8mb4_0900_ai_ci;
/*!40101 SET character_set_client = @saved_cs_client */;

--
-- Dumping data for table `notifications`
--

LOCK TABLES `notifications` WRITE;
/*!40000 ALTER TABLE `notifications` DISABLE KEYS */;
INSERT INTO `notifications` VALUES (81,3,10005,'You passed permissible payment due date, kindly payback!','2021-04-13 18:53:30'),(82,3,10009,'You passed permissible payment due date, kindly payback!','2021-04-13 18:53:30'),(83,4,10108,'You passed permissible payment due date, kindly payback!','2021-04-13 18:53:30'),(84,3,10005,'You passed permissible payment due date, kindly payback!','2021-04-13 18:54:30'),(85,3,10009,'You passed permissible payment due date, kindly payback!','2021-04-13 18:54:30'),(86,4,10108,'You passed permissible payment due date, kindly payback!','2021-04-13 18:54:30'),(87,3,10005,'You passed permissible payment due date, kindly payback!','2021-04-13 18:55:30'),(88,3,10009,'You passed permissible payment due date, kindly payback!','2021-04-13 18:55:30'),(89,4,10108,'You passed permissible payment due date, kindly payback!','2021-04-13 18:55:30'),(90,3,10005,'You passed permissible payment due date, kindly payback!','2021-04-13 18:56:30'),(91,3,10009,'You passed permissible payment due date, kindly payback!','2021-04-13 18:56:30'),(92,4,10108,'You passed permissible payment due date, kindly payback!','2021-04-13 18:56:30'),(93,3,10005,'You passed permissible payment due date, kindly payback!','2021-04-13 18:57:30'),(94,3,10009,'You passed permissible payment due date, kindly payback!','2021-04-13 18:57:30'),(95,4,10108,'You passed permissible payment due date, kindly payback!','2021-04-13 18:57:30'),(96,3,10005,'You passed permissible payment due date, kindly payback!','2021-04-13 18:58:30'),(97,3,10009,'You passed permissible payment due date, kindly payback!','2021-04-13 18:58:30'),(98,4,10108,'You passed permissible payment due date, kindly payback!','2021-04-13 18:58:30'),(99,3,10005,'You passed permissible payment due date, kindly payback!','2021-04-13 18:59:30'),(100,3,10009,'You passed permissible payment due date, kindly payback!','2021-04-13 18:59:30'),(101,4,10108,'You passed permissible payment due date, kindly payback!','2021-04-13 18:59:30'),(102,3,10005,'You passed permissible payment due date, kindly payback!','2021-04-13 19:00:30'),(103,3,10009,'You passed permissible payment due date, kindly payback!','2021-04-13 19:00:30'),(104,4,10108,'You passed permissible payment due date, kindly payback!','2021-04-13 19:00:30'),(105,3,10005,'You passed permissible payment due date, kindly payback!','2021-04-13 19:01:31'),(106,3,10009,'You passed permissible payment due date, kindly payback!','2021-04-13 19:01:31'),(107,4,10108,'You passed permissible payment due date, kindly payback!','2021-04-13 19:01:31'),(108,3,10005,'You passed permissible payment due date, kindly payback!','2021-04-13 19:02:30'),(109,3,10009,'You passed permissible payment due date, kindly payback!','2021-04-13 19:02:30'),(110,4,10108,'You passed permissible payment due date, kindly payback!','2021-04-13 19:02:30'),(111,3,10005,'You passed permissible payment due date, kindly payback!','2021-04-13 19:03:30'),(112,3,10009,'You passed permissible payment due date, kindly payback!','2021-04-13 19:03:30'),(113,4,10108,'You passed permissible payment due date, kindly payback!','2021-04-13 19:03:30'),(114,3,10005,'You passed permissible payment due date, kindly payback!','2021-04-13 19:04:30'),(115,3,10009,'You passed permissible payment due date, kindly payback!','2021-04-13 19:04:30'),(116,4,10108,'You passed permissible payment due date, kindly payback!','2021-04-13 19:04:30'),(117,3,10005,'You passed permissible payment due date, kindly payback!','2021-04-13 19:05:30'),(118,3,10009,'You passed permissible payment due date, kindly payback!','2021-04-13 19:05:30'),(119,4,10108,'You passed permissible payment due date, kindly payback!','2021-04-13 19:05:30'),(120,3,10005,'You passed permissible payment due date, kindly payback!','2021-04-13 19:06:30'),(121,3,10009,'You passed permissible payment due date, kindly payback!','2021-04-13 19:06:30'),(122,4,10108,'You passed permissible payment due date, kindly payback!','2021-04-13 19:06:30'),(123,3,10005,'You passed permissible payment due date, kindly payback!','2021-04-13 19:07:30'),(124,3,10009,'You passed permissible payment due date, kindly payback!','2021-04-13 19:07:30'),(125,4,10108,'You passed permissible payment due date, kindly payback!','2021-04-13 19:07:30'),(126,3,10005,'You passed permissible payment due date, kindly payback!','2021-04-13 19:08:30'),(127,3,10009,'You passed permissible payment due date, kindly payback!','2021-04-13 19:08:30'),(128,4,10108,'You passed permissible payment due date, kindly payback!','2021-04-13 19:08:30'),(129,3,10005,'You passed permissible payment due date, kindly payback!','2021-04-13 19:09:30'),(130,3,10009,'You passed permissible payment due date, kindly payback!','2021-04-13 19:09:30'),(131,4,10108,'You passed permissible payment due date, kindly payback!','2021-04-13 19:09:30'),(132,3,10009,'You passed permissible payment due date by 65, kindly payback!','2021-04-19 00:00:00'),(133,4,10108,'You passed permissible payment due date by 65, kindly payback!','2021-04-19 00:00:01'),(134,4,10096,'You passed permissible payment due date by 110, kindly payback!','2021-04-26 00:00:00'),(135,4,10004,'You passed permissible payment due date by 145, kindly payback!','2021-04-27 00:00:00'),(136,3,10080,'You passed permissible payment due date by 145, kindly payback!','2021-04-27 00:00:00'),(137,4,10091,'You passed permissible payment due date by 145, kindly payback!','2021-04-27 00:00:00'),(138,4,10097,'You passed permissible payment due date by 105, kindly payback!','2021-04-27 00:00:00'),(139,3,10099,'You passed permissible payment due date by 105, kindly payback!','2021-04-27 00:00:00'),(140,4,10101,'You passed permissible payment due date by 105, kindly payback!','2021-04-27 00:00:00'),(141,4,10104,'You passed permissible payment due date by 105, kindly payback!','2021-04-27 00:00:00'),(142,3,10105,'You passed permissible payment due date by 105, kindly payback!','2021-04-27 00:00:00'),(143,3,10132,'You passed permissible payment due date by 55, kindly payback!','2021-04-27 00:00:00'),(144,3,10000,'You passed permissible payment due date by 15, kindly payback!','2021-04-28 00:00:00'),(145,3,10005,'You passed permissible payment due date by 75, kindly payback!','2021-04-28 00:00:00'),(146,3,10008,'You passed permissible payment due date by 15, kindly payback!','2021-04-28 00:00:00'),(147,4,10095,'You passed permissible payment due date by 15, kindly payback!','2021-04-28 00:00:00'),(148,4,10100,'You passed permissible payment due date by 15, kindly payback!','2021-04-28 00:00:00'),(149,4,10103,'You passed permissible payment due date by 15, kindly payback!','2021-04-28 00:00:00'),(150,3,10145,'You passed permissible payment due date by 15, kindly payback!','2021-04-28 00:00:00'),(151,4,10148,'You passed permissible payment due date by 15, kindly payback!','2021-04-28 00:00:00'),(152,3,10009,'You passed permissible payment due date by 75, kindly payback!','2021-04-29 00:00:00'),(153,4,10108,'You passed permissible payment due date by 75, kindly payback!','2021-04-29 00:00:00'),(154,3,10094,'You passed permissible payment due date by 115, kindly payback!','2021-04-30 00:00:00'),(155,3,10098,'You passed permissible payment due date by 135, kindly payback!','2021-04-30 00:00:00'),(156,3,10102,'You passed permissible payment due date by 115, kindly payback!','2021-04-30 00:00:00'),(157,4,10149,'You passed permissible payment due date by 30, kindly payback!','2021-04-30 00:00:00'),(158,3,10009,'You passed permissible payment due date by 80, kindly payback!','2021-05-04 00:00:01'),(159,4,10108,'You passed permissible payment due date by 80, kindly payback!','2021-05-04 00:00:01'),(160,4,10096,'You passed permissible payment due date by 120, kindly payback!','2021-05-06 00:00:00'),(161,3,10094,'You passed permissible payment due date by 175, kindly payback!','2021-06-29 00:00:00'),(162,3,10102,'You passed permissible payment due date by 175, kindly payback!','2021-06-29 00:00:00'),(163,4,10149,'You passed permissible payment due date by 90, kindly payback!','2021-06-29 00:00:00'),(164,4,10096,'You passed permissible payment due date by 175, kindly payback!','2021-06-30 00:00:00'),(165,4,10004,'You passed permissible payment due date by 210, kindly payback!','2021-07-01 00:00:00'),(166,3,10080,'You passed permissible payment due date by 210, kindly payback!','2021-07-01 00:00:00'),(167,4,10091,'You passed permissible payment due date by 210, kindly payback!','2021-07-01 00:00:00'),(168,4,10097,'You passed permissible payment due date by 170, kindly payback!','2021-07-01 00:00:00'),(169,3,10099,'You passed permissible payment due date by 170, kindly payback!','2021-07-01 00:00:00'),(170,4,10101,'You passed permissible payment due date by 170, kindly payback!','2021-07-01 00:00:00'),(171,4,10104,'You passed permissible payment due date by 170, kindly payback!','2021-07-01 00:00:00'),(172,3,10105,'You passed permissible payment due date by 170, kindly payback!','2021-07-01 00:00:00'),(173,3,10132,'You passed permissible payment due date by 120, kindly payback!','2021-07-01 00:00:00'),(174,3,10000,'You passed permissible payment due date by 80, kindly payback!','2021-07-02 00:00:00'),(175,3,10005,'You passed permissible payment due date by 140, kindly payback!','2021-07-02 00:00:00'),(176,3,10008,'You passed permissible payment due date by 80, kindly payback!','2021-07-02 00:00:00'),(177,4,10095,'You passed permissible payment due date by 80, kindly payback!','2021-07-02 00:00:00'),(178,4,10100,'You passed permissible payment due date by 80, kindly payback!','2021-07-02 00:00:00'),(179,4,10103,'You passed permissible payment due date by 80, kindly payback!','2021-07-02 00:00:00'),(180,3,10145,'You passed permissible payment due date by 80, kindly payback!','2021-07-02 00:00:00'),(181,4,10148,'You passed permissible payment due date by 80, kindly payback!','2021-07-02 00:00:00'),(182,3,10009,'You passed permissible payment due date by 140, kindly payback!','2021-07-03 00:00:00'),(183,3,10098,'You passed permissible payment due date by 200, kindly payback!','2021-07-03 00:00:00'),(184,4,10108,'You passed permissible payment due date by 140, kindly payback!','2021-07-03 00:00:00'),(185,3,10094,'You passed permissible payment due date by 180, kindly payback!','2021-07-04 00:00:00'),(186,3,10102,'You passed permissible payment due date by 180, kindly payback!','2021-07-04 00:00:00'),(187,4,10149,'You passed permissible payment due date by 95, kindly payback!','2021-07-04 00:00:00'),(188,4,10096,'You passed permissible payment due date by 180, kindly payback!','2021-07-05 00:00:00'),(189,4,10004,'You passed permissible payment due date by 215, kindly payback!','2021-07-06 00:00:00'),(190,3,10080,'You passed permissible payment due date by 215, kindly payback!','2021-07-06 00:00:00'),(191,4,10091,'You passed permissible payment due date by 215, kindly payback!','2021-07-06 00:00:00'),(192,4,10097,'You passed permissible payment due date by 175, kindly payback!','2021-07-06 00:00:00'),(193,3,10099,'You passed permissible payment due date by 175, kindly payback!','2021-07-06 00:00:00'),(194,4,10101,'You passed permissible payment due date by 175, kindly payback!','2021-07-06 00:00:00'),(195,4,10104,'You passed permissible payment due date by 175, kindly payback!','2021-07-06 00:00:00'),(196,3,10105,'You passed permissible payment due date by 175, kindly payback!','2021-07-06 00:00:00'),(197,3,10132,'You passed permissible payment due date by 125, kindly payback!','2021-07-06 00:00:00'),(198,3,10000,'You passed permissible payment due date by 85, kindly payback!','2021-07-07 00:00:00'),(199,3,10005,'You passed permissible payment due date by 145, kindly payback!','2021-07-07 00:00:00'),(200,3,10008,'You passed permissible payment due date by 85, kindly payback!','2021-07-07 00:00:00'),(201,4,10095,'You passed permissible payment due date by 85, kindly payback!','2021-07-07 00:00:00'),(202,4,10100,'You passed permissible payment due date by 85, kindly payback!','2021-07-07 00:00:00'),(203,4,10103,'You passed permissible payment due date by 85, kindly payback!','2021-07-07 00:00:00'),(204,3,10145,'You passed permissible payment due date by 85, kindly payback!','2021-07-07 00:00:00'),(205,4,10148,'You passed permissible payment due date by 85, kindly payback!','2021-07-07 00:00:00'),(206,3,10009,'You passed permissible payment due date by 145, kindly payback!','2021-07-08 00:00:00'),(207,3,10098,'You passed permissible payment due date by 205, kindly payback!','2021-07-08 00:00:00'),(208,4,10108,'You passed permissible payment due date by 145, kindly payback!','2021-07-08 00:00:00'),(209,3,10094,'You passed permissible payment due date by 185, kindly payback!','2021-07-09 00:00:00'),(210,3,10102,'You passed permissible payment due date by 185, kindly payback!','2021-07-09 00:00:00'),(211,4,10149,'You passed permissible payment due date by 100, kindly payback!','2021-07-09 00:00:00'),(212,4,10096,'You passed permissible payment due date by 185, kindly payback!','2021-07-10 00:00:00'),(213,4,10004,'You passed permissible payment due date by 220, kindly payback!','2021-07-11 00:00:00'),(214,3,10080,'You passed permissible payment due date by 220, kindly payback!','2021-07-11 00:00:00'),(215,4,10091,'You passed permissible payment due date by 220, kindly payback!','2021-07-11 00:00:00'),(216,4,10097,'You passed permissible payment due date by 180, kindly payback!','2021-07-11 00:00:00'),(217,3,10099,'You passed permissible payment due date by 180, kindly payback!','2021-07-11 00:00:00'),(218,4,10101,'You passed permissible payment due date by 180, kindly payback!','2021-07-11 00:00:00'),(219,4,10104,'You passed permissible payment due date by 180, kindly payback!','2021-07-11 00:00:00'),(220,3,10105,'You passed permissible payment due date by 180, kindly payback!','2021-07-11 00:00:00'),(221,3,10132,'You passed permissible payment due date by 130, kindly payback!','2021-07-11 00:00:00'),(222,3,10000,'You passed permissible payment due date by 90, kindly payback!','2021-07-12 00:00:00'),(223,3,10005,'You passed permissible payment due date by 150, kindly payback!','2021-07-12 00:00:00'),(224,3,10008,'You passed permissible payment due date by 90, kindly payback!','2021-07-12 00:00:00'),(225,4,10095,'You passed permissible payment due date by 90, kindly payback!','2021-07-12 00:00:00'),(226,4,10100,'You passed permissible payment due date by 90, kindly payback!','2021-07-12 00:00:00'),(227,4,10103,'You passed permissible payment due date by 90, kindly payback!','2021-07-12 00:00:00'),(228,3,10145,'You passed permissible payment due date by 90, kindly payback!','2021-07-12 00:00:00'),(229,4,10148,'You passed permissible payment due date by 90, kindly payback!','2021-07-12 00:00:00'),(230,3,10009,'You passed permissible payment due date by 150, kindly payback!','2021-07-13 00:00:00'),(231,3,10098,'You passed permissible payment due date by 210, kindly payback!','2021-07-13 00:00:00'),(232,4,10108,'You passed permissible payment due date by 150, kindly payback!','2021-07-13 00:00:00'),(233,3,10094,'You passed permissible payment due date by 190, kindly payback!','2021-07-14 00:00:00'),(234,3,10102,'You passed permissible payment due date by 190, kindly payback!','2021-07-14 00:00:00'),(235,4,10149,'You passed permissible payment due date by 105, kindly payback!','2021-07-14 00:00:00'),(236,4,10096,'You passed permissible payment due date by 190, kindly payback!','2021-07-15 00:00:00'),(237,4,10004,'You passed permissible payment due date by 225, kindly payback!','2021-07-16 00:00:00'),(238,3,10080,'You passed permissible payment due date by 225, kindly payback!','2021-07-16 00:00:00'),(239,4,10091,'You passed permissible payment due date by 225, kindly payback!','2021-07-16 00:00:00'),(240,4,10097,'You passed permissible payment due date by 185, kindly payback!','2021-07-16 00:00:00'),(241,3,10099,'You passed permissible payment due date by 185, kindly payback!','2021-07-16 00:00:00'),(242,4,10101,'You passed permissible payment due date by 185, kindly payback!','2021-07-16 00:00:00'),(243,4,10104,'You passed permissible payment due date by 185, kindly payback!','2021-07-16 00:00:00'),(244,3,10105,'You passed permissible payment due date by 185, kindly payback!','2021-07-16 00:00:00'),(245,3,10132,'You passed permissible payment due date by 135, kindly payback!','2021-07-16 00:00:00'),(246,3,10000,'You passed permissible payment due date by 95, kindly payback!','2021-07-17 00:00:00'),(247,3,10005,'You passed permissible payment due date by 155, kindly payback!','2021-07-17 00:00:00'),(248,3,10008,'You passed permissible payment due date by 95, kindly payback!','2021-07-17 00:00:00'),(249,4,10095,'You passed permissible payment due date by 95, kindly payback!','2021-07-17 00:00:00'),(250,4,10100,'You passed permissible payment due date by 95, kindly payback!','2021-07-17 00:00:00'),(251,4,10103,'You passed permissible payment due date by 95, kindly payback!','2021-07-17 00:00:00'),(252,3,10145,'You passed permissible payment due date by 95, kindly payback!','2021-07-17 00:00:00'),(253,4,10148,'You passed permissible payment due date by 95, kindly payback!','2021-07-17 00:00:00'),(254,3,10009,'You passed permissible payment due date by 155, kindly payback!','2021-07-18 00:00:00'),(255,3,10098,'You passed permissible payment due date by 215, kindly payback!','2021-07-18 00:00:00'),(256,4,10108,'You passed permissible payment due date by 155, kindly payback!','2021-07-18 00:00:00'),(257,3,10094,'You passed permissible payment due date by 195, kindly payback!','2021-07-19 00:00:00'),(258,3,10102,'You passed permissible payment due date by 195, kindly payback!','2021-07-19 00:00:00'),(259,4,10149,'You passed permissible payment due date by 110, kindly payback!','2021-07-19 00:00:00'),(260,4,10096,'You passed permissible payment due date by 195, kindly payback!','2021-07-20 00:00:00'),(261,4,10004,'You passed permissible payment due date by 230, kindly payback!','2021-07-21 00:00:00'),(262,3,10080,'You passed permissible payment due date by 230, kindly payback!','2021-07-21 00:00:00'),(263,4,10091,'You passed permissible payment due date by 230, kindly payback!','2021-07-21 00:00:00'),(264,4,10097,'You passed permissible payment due date by 190, kindly payback!','2021-07-21 00:00:00'),(265,3,10099,'You passed permissible payment due date by 190, kindly payback!','2021-07-21 00:00:00'),(266,4,10101,'You passed permissible payment due date by 190, kindly payback!','2021-07-21 00:00:00'),(267,4,10104,'You passed permissible payment due date by 190, kindly payback!','2021-07-21 00:00:00'),(268,3,10105,'You passed permissible payment due date by 190, kindly payback!','2021-07-21 00:00:00'),(269,3,10132,'You passed permissible payment due date by 140, kindly payback!','2021-07-21 00:00:00'),(270,3,10000,'You passed permissible payment due date by 100, kindly payback!','2021-07-22 00:00:00'),(271,3,10005,'You passed permissible payment due date by 160, kindly payback!','2021-07-22 00:00:00'),(272,3,10008,'You passed permissible payment due date by 100, kindly payback!','2021-07-22 00:00:00'),(273,4,10095,'You passed permissible payment due date by 100, kindly payback!','2021-07-22 00:00:00'),(274,4,10100,'You passed permissible payment due date by 100, kindly payback!','2021-07-22 00:00:00'),(275,4,10103,'You passed permissible payment due date by 100, kindly payback!','2021-07-22 00:00:00'),(276,3,10145,'You passed permissible payment due date by 100, kindly payback!','2021-07-22 00:00:00'),(277,4,10148,'You passed permissible payment due date by 100, kindly payback!','2021-07-22 00:00:00'),(278,3,10009,'You passed permissible payment due date by 160, kindly payback!','2021-07-23 00:00:00'),(279,3,10098,'You passed permissible payment due date by 220, kindly payback!','2021-07-23 00:00:00'),(280,4,10108,'You passed permissible payment due date by 160, kindly payback!','2021-07-23 00:00:00'),(281,3,10094,'You passed permissible payment due date by 200, kindly payback!','2021-07-24 00:00:00'),(282,3,10102,'You passed permissible payment due date by 200, kindly payback!','2021-07-24 00:00:00'),(283,4,10149,'You passed permissible payment due date by 115, kindly payback!','2021-07-24 00:00:00'),(284,4,10096,'You passed permissible payment due date by 200, kindly payback!','2021-07-25 00:00:00'),(285,4,10004,'You passed permissible payment due date by 235, kindly payback!','2021-07-26 00:00:00'),(286,3,10080,'You passed permissible payment due date by 235, kindly payback!','2021-07-26 00:00:00'),(287,4,10091,'You passed permissible payment due date by 235, kindly payback!','2021-07-26 00:00:00'),(288,4,10097,'You passed permissible payment due date by 195, kindly payback!','2021-07-26 00:00:00'),(289,3,10099,'You passed permissible payment due date by 195, kindly payback!','2021-07-26 00:00:00'),(290,4,10101,'You passed permissible payment due date by 195, kindly payback!','2021-07-26 00:00:00'),(291,4,10104,'You passed permissible payment due date by 195, kindly payback!','2021-07-26 00:00:00'),(292,3,10105,'You passed permissible payment due date by 195, kindly payback!','2021-07-26 00:00:00'),(293,3,10132,'You passed permissible payment due date by 145, kindly payback!','2021-07-26 00:00:00'),(294,3,10000,'You passed permissible payment due date by 105, kindly payback!','2021-07-27 00:00:00'),(295,3,10005,'You passed permissible payment due date by 165, kindly payback!','2021-07-27 00:00:00'),(296,3,10008,'You passed permissible payment due date by 105, kindly payback!','2021-07-27 00:00:00'),(297,4,10095,'You passed permissible payment due date by 105, kindly payback!','2021-07-27 00:00:00'),(298,4,10100,'You passed permissible payment due date by 105, kindly payback!','2021-07-27 00:00:00'),(299,4,10103,'You passed permissible payment due date by 105, kindly payback!','2021-07-27 00:00:00'),(300,3,10145,'You passed permissible payment due date by 105, kindly payback!','2021-07-27 00:00:00'),(301,4,10148,'You passed permissible payment due date by 105, kindly payback!','2021-07-27 00:00:00'),(302,3,10009,'You passed permissible payment due date by 165, kindly payback!','2021-07-28 00:00:00'),(303,3,10098,'You passed permissible payment due date by 225, kindly payback!','2021-07-28 00:00:00'),(304,4,10108,'You passed permissible payment due date by 165, kindly payback!','2021-07-28 00:00:00'),(305,3,10094,'You passed permissible payment due date by 205, kindly payback!','2021-07-29 00:00:00'),(306,3,10102,'You passed permissible payment due date by 205, kindly payback!','2021-07-29 00:00:00'),(307,4,10149,'You passed permissible payment due date by 120, kindly payback!','2021-07-29 00:00:00');
/*!40000 ALTER TABLE `notifications` ENABLE KEYS */;
UNLOCK TABLES;

--
-- Table structure for table `orderitem`
--

DROP TABLE IF EXISTS `orderitem`;
/*!40101 SET @saved_cs_client     = @@character_set_client */;
/*!50503 SET character_set_client = utf8mb4 */;
CREATE TABLE `orderitem` (
  `ORDERITEM_ID` int NOT NULL AUTO_INCREMENT,
  `ORDER_ID` int NOT NULL,
  `PRODUCT_ID` int NOT NULL,
  `ADDRESS_ID` int NOT NULL,
  `PRICE` varchar(45) DEFAULT NULL,
  `TAX` varchar(45) DEFAULT NULL,
  `DISCOUNT` varchar(45) DEFAULT NULL,
  `QUANTITY` varchar(45) DEFAULT NULL,
  `TOTAL` varchar(45) DEFAULT NULL,
  `STATUS` varchar(45) NOT NULL,
  `FIELD1` varchar(245) DEFAULT NULL,
  `FIELD2` varchar(245) DEFAULT NULL,
  `MEMBER_ID` int DEFAULT NULL,
  `MEMBER_ID_FOR` int DEFAULT NULL,
  `PSPARE_IDS` varchar(255) DEFAULT NULL,
  `PSPARE_PRICE` varchar(255) DEFAULT NULL,
  `PSPARE_TOTAL_PRICE` varchar(255) DEFAULT NULL,
  `STOTAL` varchar(255) DEFAULT NULL,
  PRIMARY KEY (`ORDERITEM_ID`),
  KEY `ORDERITEM_FK1_idx` (`PRODUCT_ID`),
  KEY `ORDERITEM_FK2_idx` (`ADDRESS_ID`),
  KEY `ORDERITEM_FK3_idx` (`ORDER_ID`),
  CONSTRAINT `ORDERITEM_FK1` FOREIGN KEY (`PRODUCT_ID`) REFERENCES `product` (`PRODUCT_ID`),
  CONSTRAINT `ORDERITEM_FK2` FOREIGN KEY (`ADDRESS_ID`) REFERENCES `address` (`ADDRESS_ID`),
  CONSTRAINT `ORDERITEM_FK3` FOREIGN KEY (`ORDER_ID`) REFERENCES `orders` (`ORDER_ID`)
) ENGINE=InnoDB AUTO_INCREMENT=268 DEFAULT CHARSET=utf8;
/*!40101 SET character_set_client = @saved_cs_client */;

--
-- Dumping data for table `orderitem`
--

LOCK TABLES `orderitem` WRITE;
/*!40000 ALTER TABLE `orderitem` DISABLE KEYS */;
INSERT INTO `orderitem` VALUES (46,10000,1,3,'5198',NULL,NULL,'2','5198','P',NULL,NULL,3,3,'0','null','0','5198'),(47,10000,2,3,'7398',NULL,NULL,'2','7398','P',NULL,NULL,3,3,'3','3/150','150','7548'),(48,10001,1,4,'2599',NULL,NULL,'1','2599','P',NULL,NULL,2,4,'1','1/120','120','2719'),(49,10002,1,4,'2599',NULL,NULL,'1','2599','P',NULL,NULL,4,4,'0','null','0','2599'),(50,10002,1,4,'2599',NULL,NULL,'1','2599','P',NULL,NULL,4,4,'0','null','0','2599'),(51,10003,1,4,'23391',NULL,NULL,'9','23391','P',NULL,NULL,4,4,'0','null','0','23391'),(52,10004,1,4,'5198',NULL,NULL,'2','5198','P',NULL,NULL,4,4,'1','1/120','120','5318'),(53,10005,1,3,'5198',NULL,NULL,'2','5198','P',NULL,NULL,2,3,'2','2/130','130','5328'),(54,10006,2,4,'7398',NULL,NULL,'2','7398','P',NULL,NULL,4,4,'3','3/150','150','7548'),(55,10006,2,4,'11097',NULL,NULL,'3','11097','P',NULL,NULL,4,4,'0','null','0','11097'),(56,10007,1,4,'2599',NULL,NULL,'1','2599','P',NULL,NULL,2,4,'2','2/130','130','2729'),(57,10008,1,3,'2599',NULL,NULL,'1','2599','P',NULL,NULL,3,3,'0','null','0','2599'),(58,10010,1,3,'2599',NULL,NULL,'1','2599','P',NULL,NULL,3,3,'0','null','0','2599'),(59,10011,1,3,'2599',NULL,NULL,'1','2599','P',NULL,NULL,3,3,'0','null','0','2599'),(60,10012,1,3,'2599',NULL,NULL,'1','2599','P',NULL,NULL,3,3,'0','null','0','2599'),(61,10012,1,3,'5198',NULL,NULL,'2','5198','P',NULL,NULL,3,3,'0','null','0','5198'),(62,10013,1,3,'2599',NULL,NULL,'1','2599','P',NULL,NULL,3,3,'0','null','0','2599'),(63,10014,1,3,'2599',NULL,NULL,'1','2599','P',NULL,NULL,3,3,'0','null','0','2599'),(64,10015,1,3,'2599',NULL,NULL,'1','2599','P',NULL,NULL,3,3,'0','null','0','2599'),(65,10016,2,3,'3699',NULL,NULL,'1','3699','P',NULL,NULL,3,3,'0','null','0','3699'),(66,10017,1,3,'12995',NULL,NULL,'5','12995','P',NULL,NULL,3,3,'0','null','0','12995'),(67,10018,1,4,'31188',NULL,NULL,'12','31188','P',NULL,NULL,3,4,'0','null','0','31188'),(68,10020,1,4,'5198',NULL,NULL,'2','5198','P',NULL,NULL,3,4,'2','2/130','130','5328'),(69,10021,1,3,'2599',NULL,NULL,'1','2599','P',NULL,NULL,7,3,'1','1/120','120','2719'),(70,10021,1,3,'2599',NULL,NULL,'1','2599','P',NULL,NULL,7,3,'2','2/130','130','2729'),(71,10022,2,4,'7398',NULL,NULL,'2','7398','P',NULL,NULL,7,4,'3','3/150','150','7548'),(72,10023,2,4,'3699',NULL,NULL,'1','3699','P',NULL,NULL,4,4,'10','10/200','200','3899'),(73,10023,1,4,'2599',NULL,NULL,'1','2599','P',NULL,NULL,4,4,'1','1/120','120','2719'),(74,10024,1,4,'2599',NULL,NULL,'1','2599','P',NULL,NULL,7,4,'1','1/120','120','2719'),(75,10024,1,4,'2599',NULL,NULL,'1','2599','P',NULL,NULL,7,4,'1','1/120','120','2719'),(76,10025,1,3,'2599',NULL,NULL,'1','2599','P',NULL,NULL,7,3,'2','2/130','130','2729'),(77,10026,1,4,'2599',NULL,NULL,'1','2599','P',NULL,NULL,4,4,'1','1/120','120','2719'),(78,10027,1,4,'2599',NULL,NULL,'1','2599','P',NULL,NULL,7,4,'1','1/120','120','2719'),(79,10027,21,4,'1700',NULL,NULL,'1','1700','P',NULL,NULL,7,4,'0','null','0','1700'),(80,10028,21,4,'1700',NULL,NULL,'1','1700','P',NULL,NULL,7,4,'0','null','0','1700'),(81,10029,1,4,'2599',NULL,NULL,'1','2599','P',NULL,NULL,7,4,'0','null','0','2599'),(82,10030,1,4,'2599',NULL,NULL,'1','2599','P',NULL,NULL,7,4,'1','1/120','120','2719'),(83,10031,20,3,'6000',NULL,NULL,'2','6000','P',NULL,NULL,7,3,'6','6/450','450','6450'),(84,10032,2,4,'7398',NULL,NULL,'2','7398','P',NULL,NULL,7,4,'0','null','0','7398'),(85,10033,1,4,'12995',NULL,NULL,'5','12995','P',NULL,NULL,7,4,'1','1/120','120','13115'),(86,10033,20,4,'3000',NULL,NULL,'1','3000','P',NULL,NULL,7,4,'6','6/450','450','3450'),(87,10034,1,4,'5198',NULL,NULL,'2','5198','P',NULL,NULL,7,4,'0','null','0','5198'),(88,10035,2,4,'7398',NULL,NULL,'2','7398','P',NULL,NULL,7,4,'0','null','0','7398'),(89,10035,20,4,'6000',NULL,NULL,'2','6000','P',NULL,NULL,7,4,'0','null','0','6000'),(90,10036,1,4,'15594',NULL,NULL,'6','15594','P',NULL,NULL,7,4,'1','1/120','120','15714'),(91,10037,1,4,'7797',NULL,NULL,'3','7797','P',NULL,NULL,7,4,'0','null','0','7797'),(92,10037,2,4,'33291',NULL,NULL,'9','33291','P',NULL,NULL,7,4,'3','3/150','150','33441'),(93,10037,2,4,'11097',NULL,NULL,'3','11097','P',NULL,NULL,7,4,'0','null','0','11097'),(94,10038,1,3,'5198',NULL,NULL,'2','5198','P',NULL,NULL,7,3,'0','null','0','5198'),(95,10038,1,3,'2599',NULL,NULL,'1','2599','P',NULL,NULL,7,3,'0','null','0','2599'),(96,10038,20,3,'6000',NULL,NULL,'2','6000','P',NULL,NULL,7,3,'0','null','0','6000'),(97,10039,1,4,'7797',NULL,NULL,'3','7797','P',NULL,NULL,7,4,'0','null','0','7797'),(98,10039,2,4,'22194',NULL,NULL,'6','22194','P',NULL,NULL,7,4,'0','null','0','22194'),(99,10040,1,4,'2599',NULL,NULL,'1','2599','P',NULL,NULL,7,4,'0','null','0','2599'),(100,10040,2,4,'11097',NULL,NULL,'3','11097','P',NULL,NULL,7,4,'0','null','0','11097'),(101,10041,20,4,'12000',NULL,NULL,'4','12000','P',NULL,NULL,7,4,'0','null','0','12000'),(102,10042,2,4,'7398',NULL,NULL,'2','7398','P',NULL,NULL,7,4,'0','null','0','7398'),(103,10044,21,4,'34000',NULL,NULL,'20','34000','P',NULL,NULL,7,4,'0','null','0','34000'),(104,10044,20,4,'3000',NULL,NULL,'1','3000','P',NULL,NULL,7,4,'6','6/450','450','3450'),(105,10044,1,4,'2599',NULL,NULL,'1','2599','P',NULL,NULL,7,4,'2','2/130','130','2729'),(106,10045,21,4,'1700',NULL,NULL,'1','1700','P',NULL,NULL,7,4,'0','null','0','1700'),(107,10046,20,4,'3000',NULL,NULL,'1','3000','P',NULL,NULL,7,4,'0','null','0','3000'),(108,10047,2,4,'3699',NULL,NULL,'1','3699','P',NULL,NULL,7,4,'0','null','0','3699'),(109,10047,2,4,'3699',NULL,NULL,'1','3699','P',NULL,NULL,7,4,'0','null','0','3699'),(110,10048,2,4,'3699',NULL,NULL,'1','3699','P',NULL,NULL,7,4,'0','null','0','3699'),(111,10048,2,4,'3699',NULL,NULL,'1','3699','P',NULL,NULL,7,4,'0','null','0','3699'),(112,10048,20,4,'3000',NULL,NULL,'1','3000','P',NULL,NULL,7,4,'0','null','0','3000'),(113,10049,2,4,'7398',NULL,NULL,'2','7398','P',NULL,NULL,7,4,'0','null','0','7398'),(114,10050,2,4,'7398',NULL,NULL,'2','7398','P',NULL,NULL,7,4,'0','null','0','7398'),(115,10051,1,4,'2599',NULL,NULL,'1','2599','P',NULL,NULL,7,4,'1','1/120','120','2719'),(116,10052,2,4,'7398',NULL,NULL,'2','7398','P',NULL,NULL,7,4,'3','3/150','150','7548'),(117,10053,1,3,'5198',NULL,NULL,'2','5198','P',NULL,NULL,3,3,'0','null','0','5198'),(118,10054,1,3,'2599',NULL,NULL,'1','2599','P',NULL,NULL,3,3,'2,1','1/120,2/130','250','2849'),(119,10055,2,4,'3699',NULL,NULL,'1','3699','P',NULL,NULL,4,4,'3','3/150','150','3849'),(120,10056,1,3,'2599',NULL,NULL,'1','2599','P',NULL,NULL,7,3,'1','1/120','120','2719'),(121,10057,1,3,'2599',NULL,NULL,'1','2599','P',NULL,NULL,7,3,'1','1/120','120','2719'),(122,10058,2,3,'11097',NULL,NULL,'3','11097','P',NULL,NULL,7,3,'3','3/150','150','11247'),(123,10059,1,4,'7797',NULL,NULL,'3','7797','P',NULL,NULL,4,4,'0','null','0','7797'),(124,10060,1,4,'12995',NULL,NULL,'5','12995','P',NULL,NULL,7,4,'1','1/120','120','13115'),(125,10061,1,4,'15594',NULL,NULL,'6','15594','P',NULL,NULL,7,4,'1','1/120','120','15714'),(126,10061,21,4,'1700',NULL,NULL,'1','1700','P',NULL,NULL,7,4,'11','11/200','200','1900'),(127,10062,1,4,'2599',NULL,NULL,'1','2599','P',NULL,NULL,2,4,'1','1/120','120','2719'),(128,10063,1,4,'2599',NULL,NULL,'1','2599','P',NULL,NULL,4,4,'1','1/120','120','2719'),(129,10064,1,4,'5198',NULL,NULL,'2','5198','P',NULL,NULL,7,4,'0','null','0','5198'),(130,10065,1,4,'10396',NULL,NULL,'4','10396','P',NULL,NULL,2,4,'1','1/120','120','10516'),(131,10066,21,4,'3400',NULL,NULL,'2','3400','P',NULL,NULL,7,4,'0','null','0','3400'),(132,10067,1,4,'5198',NULL,NULL,'2','5198','P',NULL,NULL,7,4,'1','1/120','120','5318'),(133,10068,2,4,'3699',NULL,NULL,'1','3699','P',NULL,NULL,7,4,'0','null','0','3699'),(134,10069,21,4,'3400',NULL,NULL,'2','3400','P',NULL,NULL,7,4,'0','null','0','3400'),(135,10070,1,3,'5198',NULL,NULL,'2','5198','P',NULL,NULL,7,3,'0','null','0','5198'),(136,10070,1,3,'5198',NULL,NULL,'2','5198','P',NULL,NULL,7,3,'0','null','0','5198'),(137,10073,2,4,'7398',NULL,NULL,'2','7398','P',NULL,NULL,7,4,'0','null','0','7398'),(138,10074,21,3,'3400',NULL,NULL,'2','3400','P',NULL,NULL,7,3,'0','null','0','3400'),(139,10075,21,4,'17000',NULL,NULL,'10','17000','P',NULL,NULL,7,4,'11','11/200','200','17200'),(140,10076,20,4,'9000',NULL,NULL,'3','9000','P',NULL,NULL,7,4,'6','6/450','450','9450'),(141,10077,20,4,'6000',NULL,NULL,'2','6000','P',NULL,NULL,7,4,'0','null','0','6000'),(142,10078,1,4,'7797',NULL,NULL,'3','7797','P',NULL,NULL,7,4,'1','1/120','120','7917'),(143,10079,1,4,'10396',NULL,NULL,'4','10396','P',NULL,NULL,7,4,'1','1/120','120','10516'),(144,10080,1,3,'7797',NULL,NULL,'3','7797','P',NULL,NULL,2,3,'0','null','0','7797'),(145,10081,1,4,'2599',NULL,NULL,'1','2599','P',NULL,NULL,4,4,'1','1/120','120','2719'),(146,10081,2,4,'11097',NULL,NULL,'3','11097','P',NULL,NULL,4,4,'3','3/150','150','11247'),(147,10081,21,4,'3400',NULL,NULL,'2','3400','P',NULL,NULL,4,4,'11','11/200','200','3600'),(148,10082,1,3,'2599',NULL,NULL,'1','2599','P',NULL,NULL,2,3,'1','1/120','120','2719'),(149,10082,2,3,'3699',NULL,NULL,'1','3699','P',NULL,NULL,2,3,'3','3/150','150','3849'),(150,10082,20,3,'3000',NULL,NULL,'1','3000','P',NULL,NULL,2,3,'6','6/450','450','3450'),(151,10082,21,3,'1700',NULL,NULL,'1','1700','P',NULL,NULL,2,3,'11','11/200','200','1900'),(152,10082,21,3,'1700',NULL,NULL,'1','1700','P',NULL,NULL,2,3,'11','11/200','200','1900'),(153,10082,1,3,'2599',NULL,NULL,'1','2599','P',NULL,NULL,2,3,'1','1/120','120','2719'),(154,10082,2,3,'3699',NULL,NULL,'1','3699','P',NULL,NULL,2,3,'5','5/600','600','4299'),(155,10082,21,3,'1700',NULL,NULL,'1','1700','P',NULL,NULL,2,3,'11','11/200','200','1900'),(156,10083,21,3,'1700',NULL,NULL,'1','1700','P',NULL,NULL,2,3,'11','11/200','200','1900'),(157,10084,1,4,'5198',NULL,NULL,'2','5198','P',NULL,NULL,2,4,'1','1/120','120','5318'),(158,10084,21,4,'3400',NULL,NULL,'2','3400','P',NULL,NULL,2,4,'11','11/200','200','3600'),(159,10085,21,4,'3400',NULL,NULL,'2','3400','P',NULL,NULL,7,4,'0','null','0','3400'),(160,10085,21,4,'1700',NULL,NULL,'1','1700','P',NULL,NULL,7,4,'0','null','0','1700'),(161,10086,20,4,'6000',NULL,NULL,'2','6000','P',NULL,NULL,7,4,'0','null','0','6000'),(162,10087,21,4,'1700',NULL,NULL,'1','1700','P',NULL,NULL,2,4,'11','11/200','200','1900'),(163,10087,20,4,'3000',NULL,NULL,'1','3000','P',NULL,NULL,2,4,'6','6/450','450','3450'),(164,10087,20,4,'3000',NULL,NULL,'1','3000','P',NULL,NULL,2,4,'6','6/450','450','3450'),(165,10087,1,4,'2599',NULL,NULL,'1','2599','P',NULL,NULL,2,4,'1','1/120','120','2719'),(166,10087,1,4,'7797',NULL,NULL,'3','7797','P',NULL,NULL,2,4,'1','1/120','120','7917'),(167,10088,20,4,'6000',NULL,NULL,'2','6000','P',NULL,NULL,7,4,'0','null','0','6000'),(168,10089,1,4,'5198',NULL,NULL,'2','5198','P',NULL,NULL,2,4,'1','1/120','120','5318'),(169,10089,2,4,'7398',NULL,NULL,'2','7398','P',NULL,NULL,2,4,'0','null','0','7398'),(170,10090,1,3,'5198',NULL,NULL,'2','5198','P',NULL,NULL,2,3,'0','null','0','5198'),(171,10091,20,4,'3000',NULL,NULL,'1','3000','P',NULL,NULL,4,4,'6','6/450','450','3450'),(172,10091,2,4,'3699',NULL,NULL,'1','3699','P',NULL,NULL,4,4,'3','3/150','150','3849'),(173,10091,1,4,'5198',NULL,NULL,'2','5198','P',NULL,NULL,4,4,'0','null','0','5198'),(174,10092,2,4,'33291',NULL,NULL,'9','33291','P',NULL,NULL,4,4,'0','null','0','33291'),(175,10093,1,3,'2599',NULL,NULL,'1','2599','P',NULL,NULL,3,3,'2,1','1/120,2/130','250','2849'),(176,10093,1,3,'2599',NULL,NULL,'1','2599','P',NULL,NULL,3,3,'2,1','1/120,2/130','250','2849'),(177,10093,1,3,'2599',NULL,NULL,'1','2599','P',NULL,NULL,3,3,'0','null','0','2599'),(178,10093,1,3,'2599',NULL,NULL,'1','2599','P',NULL,NULL,3,3,'0','null','0','2599'),(179,10093,1,3,'2599',NULL,NULL,'1','2599','P',NULL,NULL,3,3,'2,1','1/120,2/130','250','2849'),(180,10094,20,3,'6000',NULL,NULL,'2','6000','P',NULL,NULL,7,3,'0','null','0','6000'),(181,10095,1,4,'2599',NULL,NULL,'1','2599','P',NULL,NULL,3,4,'1','1/120','120','2719'),(182,10095,2,4,'3699',NULL,NULL,'1','3699','P',NULL,NULL,3,4,'3','3/150','150','3849'),(183,10095,20,4,'4000',NULL,NULL,'1','4000','P',NULL,NULL,3,4,'6','6/450','450','4450'),(184,10096,1,4,'2599',NULL,NULL,'1','2599','P',NULL,NULL,3,4,'1','1/120','120','2719'),(185,10096,2,4,'3699',NULL,NULL,'1','3699','P',NULL,NULL,3,4,'3','3/150','150','3849'),(186,10097,1,4,'2599',NULL,NULL,'1','2599','P',NULL,NULL,3,4,'1','1/120','120','2719'),(187,10098,1,3,'2599',NULL,NULL,'1','2599','P',NULL,NULL,3,3,'1','1/120','120','2719'),(188,10098,2,3,'3699',NULL,NULL,'1','3699','P',NULL,NULL,3,3,'3','3/150','150','3849'),(189,10098,21,3,'1700',NULL,NULL,'1','1700','P',NULL,NULL,3,3,'11','11/200','200','1900'),(190,10099,1,3,'2599',NULL,NULL,'1','2599','P',NULL,NULL,3,3,'1','1/120','120','2719'),(191,10099,21,3,'1700',NULL,NULL,'1','1700','P',NULL,NULL,3,3,'11','11/200','200','1900'),(192,10100,21,4,'1700',NULL,NULL,'1','1700','P',NULL,NULL,4,4,'11','11/200','200','1900'),(193,10100,20,4,'4000',NULL,NULL,'1','4000','P',NULL,NULL,4,4,'6','6/450','450','4450'),(194,10100,20,4,'4000',NULL,NULL,'1','4000','P',NULL,NULL,4,4,'6','6/450','450','4450'),(195,10101,1,4,'7797',NULL,NULL,'3','7797','P',NULL,NULL,4,4,'0','null','0','7797'),(196,10102,21,3,'8500',NULL,NULL,'5','8500','P',NULL,NULL,2,3,'0','null','0','8500'),(197,10103,1,4,'2599',NULL,NULL,'1','2599','P',NULL,NULL,2,4,'1','1/120','120','2719'),(198,10104,2,4,'3699',NULL,NULL,'1','3699','P',NULL,NULL,4,4,'3','3/150','150','3849'),(199,10104,20,4,'4000',NULL,NULL,'1','4000','P',NULL,NULL,4,4,'6','6/450','450','4450'),(200,10105,1,3,'50',NULL,NULL,'1','50','P',NULL,NULL,2,3,'0','null','0','50'),(201,10106,2,3,'100',NULL,NULL,'1','100','P',NULL,NULL,2,3,'0','null','0','100'),(202,10106,2,3,'300',NULL,NULL,'3','300','P',NULL,NULL,2,3,'0','null','0','300'),(203,10107,25,3,'500',NULL,NULL,'10','500','P',NULL,NULL,2,3,'0','null','0','500'),(204,10108,1,4,'1000',NULL,NULL,'20','1000','P',NULL,NULL,2,4,'2','2/130','130','1130'),(205,10109,1,3,'50',NULL,NULL,'1','50','P',NULL,NULL,7,3,'0','null','0','50'),(206,10110,2,4,'400',NULL,NULL,'4','400','P',NULL,NULL,7,4,'0','null','0','400'),(207,10111,1,4,'50',NULL,NULL,'1','50','P',NULL,NULL,4,4,'0','null','0','50'),(208,10111,1,4,'50',NULL,NULL,'1','50','P',NULL,NULL,4,4,'0','null','0','50'),(209,10111,2,4,'100',NULL,NULL,'1','100','P',NULL,NULL,4,4,'0','null','0','100'),(210,10113,1,4,'50',NULL,NULL,'1','50','P',NULL,NULL,4,4,'0','null','0','50'),(211,10114,21,4,'200',NULL,NULL,'1','200','P',NULL,NULL,4,4,'0','null','0','200'),(212,10115,21,4,'200',NULL,NULL,'1','200','P',NULL,NULL,4,4,'0','null','0','200'),(213,10116,21,4,'200',NULL,NULL,'1','200','P',NULL,NULL,4,4,'0','null','0','200'),(214,10117,21,4,'200',NULL,NULL,'1','200','P',NULL,NULL,4,4,'0','null','0','200'),(215,10118,21,4,'200',NULL,NULL,'1','200','P',NULL,NULL,4,4,'0','null','0','200'),(216,10119,21,4,'200',NULL,NULL,'1','200','P',NULL,NULL,4,4,'0','null','0','200'),(217,10120,1,3,'50',NULL,NULL,'1','50','P',NULL,NULL,3,3,'0','null','0','50'),(218,10120,1,3,'50',NULL,NULL,'1','50','P',NULL,NULL,3,3,'0','null','0','50'),(219,10120,21,3,'200',NULL,NULL,'1','200','P',NULL,NULL,3,3,'0','null','0','200'),(220,10121,21,3,'200',NULL,NULL,'1','200','P',NULL,NULL,3,3,'0','null','0','200'),(221,10122,21,3,'200',NULL,NULL,'1','200','P',NULL,NULL,3,3,'0','null','0','200'),(222,10123,21,4,'200',NULL,NULL,'1','200','P',NULL,NULL,4,4,'0','null','0','200'),(223,10124,1,4,'50',NULL,NULL,'1','50','P',NULL,NULL,4,4,'0','null','0','50'),(224,10125,2,3,'100',NULL,NULL,'1','100','P',NULL,NULL,3,3,'0','null','0','100'),(225,10126,1,3,'50',NULL,NULL,'1','50','P',NULL,NULL,3,3,'0','null','0','50'),(226,10127,21,4,'200',NULL,NULL,'1','200','P',NULL,NULL,4,4,'0','null','0','200'),(227,10127,1,4,'50',NULL,NULL,'1','50','P',NULL,NULL,4,4,'0','null','0','50'),(228,10128,1,3,'50',NULL,NULL,'1','50','P',NULL,NULL,3,3,'1,2,2,1','1/120,2/130','250','300'),(229,10129,2,3,'500',NULL,NULL,'5','500','P',NULL,NULL,3,3,'3,10,3','3/150,10/200','350','850'),(230,10130,1,4,'150',NULL,NULL,'3','150','P',NULL,NULL,2,4,'1','1/120','120','270'),(231,10131,2,3,'1000',NULL,NULL,'10','1000','P',NULL,NULL,2,3,'0','null','0','1000'),(232,10132,1,3,'300',NULL,NULL,'6','300','P',NULL,NULL,2,3,'1,2','1/120,2/130','250','550'),(233,10133,1,3,'350',NULL,NULL,'7','350','P',NULL,NULL,2,3,'0','null','0','350'),(234,10134,2,3,'100',NULL,NULL,'1','100','P',NULL,NULL,2,3,'5','5/600','600','700'),(235,10134,21,3,'600',NULL,NULL,'3','600','P',NULL,NULL,2,3,'0','null','0','600'),(236,10134,2,3,'100',NULL,NULL,'1','100','P',NULL,NULL,2,3,'0','null','0','100'),(237,10134,2,3,'0',NULL,NULL,'0','0','P',NULL,NULL,2,3,'0','null','0','0'),(238,10134,2,3,'300',NULL,NULL,'3','300','P',NULL,NULL,2,3,'0','null','0','300'),(239,10138,2,4,'100',NULL,NULL,'1','100','P',NULL,NULL,2,4,'0','null','0','100'),(240,10138,1,4,'50',NULL,NULL,'1','50','P',NULL,NULL,2,4,'0','null','0','50'),(241,10142,1,3,'300',NULL,NULL,'6','300','P',NULL,NULL,2,3,'2','2/130','130','430'),(242,10143,2,4,'100',NULL,NULL,'1','100','P',NULL,NULL,2,4,'0','null','0','100'),(243,10143,1,4,'100',NULL,NULL,'2','100','P',NULL,NULL,2,4,'0','null','0','100'),(244,10144,1,4,'50',NULL,NULL,'1','50','P',NULL,NULL,2,4,'0','null','0','50'),(245,10145,21,3,'200',NULL,NULL,'1','200','P',NULL,NULL,2,3,'0','null','0','200'),(246,10145,20,3,'1500',NULL,NULL,'10','1500','P',NULL,NULL,2,3,'0','null','0','1500'),(247,10146,2,4,'300',NULL,NULL,'3','300','P',NULL,NULL,4,4,'0','null','0','300'),(248,10147,2,4,'300',NULL,NULL,'3','300','P',NULL,NULL,4,4,'0','null','0','300'),(249,10148,1,4,'50',NULL,NULL,'1','50','P',NULL,NULL,4,4,'1,2','1/120,2/130','250','300'),(250,10149,2,4,'100',NULL,NULL,'1','100','P',NULL,NULL,4,4,'10,3','3/150,10/200','350','450'),(251,10150,1,4,'50',NULL,NULL,'1','50','P',NULL,NULL,4,4,'2','2/130','130','180'),(252,10151,1,12,'50',NULL,NULL,'1','50','P',NULL,NULL,60,20,'1,2','1/120,2/130','250','300'),(253,10152,1,12,'50',NULL,NULL,'1','50','P',NULL,NULL,60,20,'1,2','1/120,2/130','250','300'),(254,10153,1,12,'500',NULL,NULL,'10','500','P',NULL,NULL,60,20,'1,2','1/120,2/130','250','750'),(255,10154,1,3,'50',NULL,NULL,'1','50','P',NULL,NULL,2,3,'1,2','1/120,2/130','250','300'),(256,10155,1,3,'5000',NULL,NULL,'100','5000','P',NULL,NULL,2,3,'2','2/130','130','5130'),(257,10156,2,4,'10000',NULL,NULL,'100','10000','P',NULL,NULL,2,4,'3','3/150','150','10150'),(258,10157,1,3,'2500',NULL,NULL,'50','2500','P',NULL,NULL,2,3,'1','1/120','120','2620'),(259,10157,2,3,'2000',NULL,NULL,'20','2000','P',NULL,NULL,2,3,'3','3/150','150','2150'),(260,10158,40,4,'6000',NULL,NULL,'4','6000','P',NULL,NULL,4,4,'0','null','0','6000'),(261,10159,53,4,'75000',NULL,NULL,'50','75000','P',NULL,NULL,2,4,'0','null','0','88125'),(262,10160,30,12,'1500',NULL,NULL,'1','1500','P',NULL,NULL,2,20,'0','null','0','1762.5'),(263,10161,81,4,'1500',NULL,NULL,'1','1500','P',NULL,NULL,2,4,'0','null','0','1762.5'),(264,10162,29,12,'1500',NULL,NULL,'1','1500','P',NULL,NULL,59,20,'224,3,10','3/150,10/200,224/200','550','2050'),(265,10163,34,12,'7500',NULL,NULL,'5','7500','P',NULL,NULL,59,20,'1,10,16,38','1/120,10/200,16/200,38/200','720','8220'),(266,10164,58,12,'1500',NULL,NULL,'1','1500','P',NULL,NULL,59,20,'2,1,16,25,1571','1/120,2/130,16/200,25/200,1571/200','850','2350'),(267,10165,1,4,'5000',NULL,NULL,'100','5000','P',NULL,NULL,4,4,'0','null','0','5875');
/*!40000 ALTER TABLE `orderitem` ENABLE KEYS */;
UNLOCK TABLES;

--
-- Table structure for table `orders`
--

DROP TABLE IF EXISTS `orders`;
/*!40101 SET @saved_cs_client     = @@character_set_client */;
/*!50503 SET character_set_client = utf8mb4 */;
CREATE TABLE `orders` (
  `ORDER_ID` int NOT NULL AUTO_INCREMENT,
  `ADDRESS_ID` int NOT NULL,
  `PRICE` varchar(45) DEFAULT NULL,
  `TAX` varchar(45) DEFAULT NULL,
  `DISCOUNT` varchar(45) DEFAULT NULL,
  `QUANTITY` varchar(45) DEFAULT NULL,
  `TOTAL` varchar(45) DEFAULT NULL,
  `STATUS` varchar(45) NOT NULL,
  `FIELD1` varchar(245) DEFAULT NULL,
  `FIELD2` varchar(245) DEFAULT NULL,
  `MEMBER_ID` int DEFAULT NULL,
  `PRODUCT_ID` int DEFAULT NULL,
  `MEMBER_ID_FOR` int DEFAULT NULL,
  `CREATETIME` timestamp NULL DEFAULT NULL,
  `UPDATETIME` timestamp NULL DEFAULT NULL,
  `REDEEM_POINTS` int DEFAULT '0',
  `PAYMENT_DUE_DAYS_COUNT` int DEFAULT '0',
  `PAYMENT_CLEARANCE_STATUS` int DEFAULT '0',
  PRIMARY KEY (`ORDER_ID`),
  KEY `ORDER_FK2_idx` (`ADDRESS_ID`),
  CONSTRAINT `ORDER_FK2` FOREIGN KEY (`ADDRESS_ID`) REFERENCES `address` (`ADDRESS_ID`)
) ENGINE=InnoDB AUTO_INCREMENT=10166 DEFAULT CHARSET=utf8;
/*!40101 SET character_set_client = @saved_cs_client */;

--
-- Dumping data for table `orders`
--

LOCK TABLES `orders` WRITE;
/*!40000 ALTER TABLE `orders` DISABLE KEYS */;
INSERT INTO `orders` VALUES (10000,3,NULL,'2230.5499999999997','',NULL,'14976.55','D','12746',NULL,3,NULL,3,'2020-10-21 22:05:11','2021-04-13 08:55:19',0,0,1),(10001,4,NULL,'475.825','',NULL,'3194.825','S','2719',NULL,2,NULL,4,'2020-10-23 06:43:38','2021-03-31 05:01:55',0,0,0),(10002,4,NULL,'909.65','',NULL,'6107.65','R','5198',NULL,4,NULL,4,'2020-10-27 05:55:07','2020-10-31 15:59:30',0,0,0),(10003,4,NULL,'4093.4249999999997','',NULL,'27484.425','S','23391',NULL,4,NULL,4,'2020-11-03 10:59:00','2021-03-31 05:06:31',0,0,0),(10004,4,NULL,'930.65','',NULL,'6248.65','D','5318',NULL,4,NULL,4,'2020-11-05 11:49:44','2020-12-03 09:42:19',0,238,0),(10005,3,NULL,'932.4','',NULL,'6260.4','D','5328',NULL,2,NULL,3,'2020-11-05 12:00:37','2021-02-12 17:16:28',0,167,0),(10006,4,NULL,'3262.875','',NULL,'21907.875','S','18645',NULL,4,NULL,4,'2020-11-05 12:10:58','2021-03-31 05:08:16',0,0,0),(10007,4,NULL,'477.575','',NULL,'3206.575','S','2729',NULL,2,NULL,4,'2020-11-05 12:23:49','2021-03-31 05:09:03',0,0,0),(10008,3,NULL,'454.825','',NULL,'3053.825','D','2599',NULL,3,NULL,3,'2020-11-06 04:33:58','2021-04-13 08:37:43',0,0,1),(10009,3,NULL,NULL,'',NULL,NULL,'D',NULL,NULL,3,NULL,3,'2020-11-06 04:35:08','2021-02-13 08:26:37',0,166,0),(10010,3,NULL,'454.825','',NULL,'3053.825','S','2599',NULL,3,NULL,3,'2020-11-06 04:36:15','2021-03-31 05:10:44',0,0,0),(10011,3,NULL,'454.825','',NULL,'3053.825','S','2599',NULL,3,NULL,3,'2020-11-06 04:45:30','2021-03-31 05:11:48',0,0,0),(10012,3,NULL,'1364.475','',NULL,'9161.475','S','7797',NULL,3,NULL,3,'2020-11-06 04:46:29','2021-03-31 05:35:24',0,0,0),(10013,3,NULL,'454.825','',NULL,'3053.825','S','2599',NULL,3,NULL,3,'2020-11-06 04:58:22','2021-03-31 10:35:20',0,0,0),(10014,3,NULL,'454.825','',NULL,'3053.825','P','2599',NULL,3,NULL,3,'2020-11-06 04:58:55',NULL,0,0,0),(10015,3,NULL,'454.825','',NULL,'3053.825','P','2599',NULL,3,NULL,3,'2020-11-06 05:00:34',NULL,0,0,0),(10016,3,NULL,'647.3249999999999','',NULL,'4346.325','P','3699',NULL,3,NULL,3,'2020-11-06 05:00:44',NULL,0,0,0),(10017,3,NULL,'2274.125','',NULL,'15269.125','P','12995',NULL,3,NULL,3,'2020-11-06 05:01:12',NULL,0,0,0),(10018,4,NULL,'5457.9','',NULL,'36645.9','P','31188',NULL,3,NULL,4,'2020-11-06 05:01:30',NULL,0,0,0),(10019,4,NULL,NULL,'',NULL,NULL,'P',NULL,NULL,3,NULL,4,'2020-11-06 05:01:30',NULL,0,0,0),(10020,4,NULL,'932.4','',NULL,'6260.4','P','5328',NULL,3,NULL,4,'2020-11-06 06:06:59',NULL,0,0,0),(10021,3,NULL,'953.4','',NULL,'6401.4','P','5448',NULL,7,NULL,3,'2020-11-06 07:45:16',NULL,0,0,0),(10022,4,NULL,'1320.8999999999999','',NULL,'8868.9','P','7548',NULL,7,NULL,4,'2020-11-06 07:45:51',NULL,0,0,0),(10023,4,NULL,'1158.1499999999999','',NULL,'7776.15','P','6618',NULL,4,NULL,4,'2020-11-06 07:47:04',NULL,0,0,0),(10024,4,NULL,'951.65','',NULL,'6389.65','P','5438',NULL,7,NULL,4,'2020-11-06 08:09:17',NULL,0,0,0),(10025,3,NULL,'477.575','',NULL,'3206.575','P','2729',NULL,7,NULL,3,'2020-11-06 08:09:54',NULL,0,0,0),(10026,4,NULL,'475.825','',NULL,'3194.825','P','2719',NULL,4,NULL,4,'2020-11-06 08:11:07',NULL,0,0,0),(10027,4,NULL,'773.3249999999999','',NULL,'5192.325','P','4419',NULL,7,NULL,4,'2020-11-06 08:27:55',NULL,0,0,0),(10028,4,NULL,'297.5','',NULL,'1997.5','P','1700',NULL,7,NULL,4,'2020-11-06 08:29:42',NULL,0,0,0),(10029,4,NULL,'454.825','',NULL,'3053.825','P','2599',NULL,7,NULL,4,'2020-11-06 08:46:56',NULL,0,0,0),(10030,4,NULL,'475.825','',NULL,'3194.825','P','2719',NULL,7,NULL,4,'2020-11-06 08:47:13',NULL,0,0,0),(10031,3,NULL,'1128.75','',NULL,'7578.75','P','6450',NULL,7,NULL,3,'2020-11-06 08:47:45','2020-11-06 08:50:49',0,0,0),(10032,4,NULL,'1294.6499999999999','',NULL,'8692.65','P','7398',NULL,7,NULL,4,'2020-11-06 08:52:01',NULL,0,0,0),(10033,4,NULL,'2898.875','',NULL,'19463.875','P','16565',NULL,7,NULL,4,'2020-11-06 09:16:08',NULL,0,0,0),(10034,4,NULL,'909.65','',NULL,'6107.65','p','5198',NULL,7,NULL,4,'2020-11-06 09:38:46','2020-11-06 09:40:55',0,0,0),(10035,4,NULL,'2344.6499999999996','',NULL,'15742.65','P','13398',NULL,7,NULL,4,'2020-11-06 09:58:02',NULL,0,0,0),(10036,4,NULL,'2749.95','',NULL,'18463.95','P','15714',NULL,7,NULL,4,'2020-11-06 10:10:23',NULL,0,0,0),(10037,4,NULL,'9158.625','',NULL,'61493.625','P','52335',NULL,7,NULL,4,'2020-11-06 10:10:52',NULL,0,0,0),(10038,3,NULL,'2414.475','',NULL,'16211.475','P','13797',NULL,7,NULL,3,'2020-11-06 10:12:22',NULL,0,0,0),(10039,4,NULL,'5248.424999999999','',NULL,'35239.425','P','29991',NULL,7,NULL,4,'2020-11-06 10:13:39',NULL,0,0,0),(10040,4,NULL,'2396.7999999999997','',NULL,'16092.8','P','13696',NULL,7,NULL,4,'2020-11-06 10:14:38',NULL,0,0,0),(10041,4,NULL,'2100','',NULL,'14100','P','12000',NULL,7,NULL,4,'2020-11-06 10:14:56',NULL,0,0,0),(10042,4,NULL,'1294.6499999999999','',NULL,'8692.65','P','7398',NULL,7,NULL,4,'2020-11-06 10:16:05',NULL,0,0,0),(10043,3,NULL,NULL,'',NULL,NULL,'P',NULL,NULL,3,NULL,3,'2020-11-06 10:33:12',NULL,0,0,0),(10044,4,NULL,'7031.325','',NULL,'47210.325','P','40179',NULL,7,NULL,4,'2020-11-06 10:35:00',NULL,0,0,0),(10045,4,NULL,'297.5','',NULL,'1997.5','P','1700',NULL,7,NULL,4,'2020-11-06 10:35:23',NULL,0,0,0),(10046,4,NULL,'525','',NULL,'3525','P','3000',NULL,7,NULL,4,'2020-11-06 10:36:02',NULL,0,0,0),(10047,4,NULL,'1294.6499999999999','',NULL,'8692.65','P','7398',NULL,7,NULL,4,'2020-11-06 10:36:49',NULL,0,0,0),(10048,4,NULL,'1819.6499999999999','',NULL,'12217.65','A','10398',NULL,7,NULL,4,'2020-11-06 10:37:32','2020-11-06 10:48:15',0,0,0),(10049,4,NULL,'1294.6499999999999','',NULL,'8692.65','A','7398',NULL,7,NULL,4,'2020-11-06 10:50:32','2020-11-06 10:50:41',0,0,0),(10050,4,NULL,'1294.6499999999999','',NULL,'8692.65','P','7398',NULL,7,NULL,4,'2020-11-09 08:02:10',NULL,0,0,0),(10051,4,NULL,'475.825','',NULL,'3194.825','P','2719',NULL,7,NULL,4,'2020-11-09 08:08:03',NULL,0,0,0),(10052,4,NULL,'1320.8999999999999','',NULL,'8868.9','p','7548',NULL,7,NULL,4,'2020-11-09 08:08:44','2020-11-10 09:44:51',0,0,0),(10053,3,NULL,'909.65','',NULL,'6107.65','P','5198',NULL,3,NULL,3,'2020-11-13 13:06:46',NULL,0,0,0),(10054,3,NULL,'498.575','',NULL,'3347.575','P','2849',NULL,3,NULL,3,'2020-11-13 14:25:03',NULL,0,0,0),(10055,4,NULL,'673.5749999999999','',NULL,'4522.575','P','3849',NULL,4,NULL,4,'2020-11-28 09:59:03',NULL,0,0,0),(10056,3,NULL,'475.825','',NULL,'3194.825','P','2719',NULL,7,NULL,3,'2020-11-29 23:20:52',NULL,0,0,0),(10057,3,NULL,'475.825','',NULL,'3194.825','P','2719',NULL,7,NULL,3,'2020-11-30 00:00:39',NULL,0,0,0),(10058,3,NULL,'1968.225','',NULL,'13215.225','P','11247',NULL,7,NULL,3,'2020-11-30 00:01:21',NULL,0,0,0),(10059,4,NULL,'1364.475','',NULL,'9161.475','P','7797',NULL,4,NULL,4,'2020-11-30 05:27:54',NULL,0,0,0),(10060,4,NULL,'2295.125','',NULL,'15410.125','P','13115',NULL,7,NULL,4,'2020-11-30 05:29:51',NULL,0,0,0),(10061,4,NULL,'3082.45','',NULL,'20696.45','P','17614',NULL,7,NULL,4,'2020-11-30 05:31:08',NULL,0,0,0),(10062,4,NULL,'475.825','',NULL,'3194.825','P','2719',NULL,2,NULL,4,'2020-11-30 09:45:37',NULL,0,0,0),(10063,4,NULL,'475.825','',NULL,'3194.825','P','2719',NULL,4,NULL,4,'2020-11-30 09:46:09',NULL,0,0,0),(10064,4,NULL,'909.65','',NULL,'6107.65','P','5198',NULL,7,NULL,4,'2020-11-30 09:46:54','2020-11-30 10:17:27',0,0,0),(10065,4,NULL,'1840.3','',NULL,'12356.3','P','10516',NULL,2,NULL,4,'2020-11-30 09:47:47',NULL,0,0,0),(10066,4,NULL,'595','',NULL,'3995','P','3400',NULL,7,NULL,4,'2020-11-30 10:24:25',NULL,0,0,0),(10067,4,NULL,'930.65','',NULL,'6248.65','P','5318',NULL,7,NULL,4,'2020-11-30 10:25:39',NULL,0,0,0),(10068,4,NULL,'647.3249999999999','',NULL,'4346.325','P','3699',NULL,7,NULL,4,'2020-11-30 10:26:57',NULL,0,0,0),(10069,4,NULL,'595','',NULL,'3995','P','3400',NULL,7,NULL,4,'2020-11-30 10:28:31',NULL,0,0,0),(10070,3,NULL,'1819.3','',NULL,'12215.3','P','10396',NULL,7,NULL,3,'2020-11-30 10:29:07','2020-11-30 10:41:17',0,0,0),(10071,3,NULL,NULL,'',NULL,NULL,'P',NULL,NULL,7,NULL,3,'2020-11-30 10:29:25',NULL,0,0,0),(10072,4,NULL,NULL,'',NULL,NULL,'P',NULL,NULL,7,NULL,4,'2020-11-30 10:29:38',NULL,0,0,0),(10073,4,NULL,'1294.6499999999999','',NULL,'8692.65','P','7398',NULL,7,NULL,4,'2020-11-30 10:47:27','2020-11-30 10:48:51',0,0,0),(10074,3,NULL,'595','',NULL,'3995','P','3400',NULL,7,NULL,3,'2020-11-30 10:47:52','2020-11-30 10:49:01',0,0,0),(10075,4,NULL,'3010','',NULL,'20210','P','17200',NULL,7,NULL,4,'2020-11-30 10:48:54','2020-11-30 10:49:12',0,0,0),(10076,4,NULL,'1653.75','',NULL,'11103.75','P','9450',NULL,7,NULL,4,'2020-11-30 10:56:17',NULL,0,0,0),(10077,4,NULL,'1050','',NULL,'7050','P','6000',NULL,7,NULL,4,'2020-11-30 11:05:43',NULL,0,0,0),(10078,4,NULL,'1385.475','',NULL,'9302.475','P','7917',NULL,7,NULL,4,'2020-11-30 11:21:33',NULL,0,0,0),(10079,4,NULL,'1840.3','',NULL,'12356.3','P','10516',NULL,7,NULL,4,'2020-11-30 11:28:36','2020-11-30 13:43:17',0,0,0),(10080,3,NULL,'1364.475','',NULL,'9161.475','D','7797',NULL,2,NULL,3,'2020-11-30 13:09:20','2020-12-03 09:42:12',0,238,0),(10081,4,NULL,'3074.0499999999997','',NULL,'20640.05','R','17566',NULL,4,NULL,4,'2020-11-30 13:12:51','2021-01-05 11:36:40',0,0,0),(10082,3,NULL,'3978.7999999999997','',NULL,'26714.8','P','22736',NULL,2,NULL,3,'2020-12-01 21:51:31',NULL,0,0,0),(10083,3,NULL,'332.5','',NULL,'2232.5','A','1900',NULL,2,NULL,3,'2020-12-01 21:54:32','2020-12-02 07:33:57',0,0,0),(10084,4,NULL,'1560.6499999999999','',NULL,'10478.65','A','8918',NULL,2,NULL,4,'2020-12-01 22:30:51','2020-12-02 07:33:31',0,0,0),(10085,4,NULL,'892.5','',NULL,'5992.5','undefined','5100',NULL,7,NULL,4,'2020-12-02 07:35:50','2020-12-02 07:36:45',0,0,0),(10086,4,NULL,'1050','',NULL,'7050','A','6000',NULL,7,NULL,4,'2020-12-02 07:37:54','2020-12-02 07:38:08',0,0,0),(10087,4,NULL,'3401.2999999999997','',NULL,'22837.3','P','19436',NULL,2,NULL,4,'2020-12-02 07:53:57',NULL,0,0,0),(10088,4,NULL,'1050','',NULL,'7050','A','6000',NULL,7,NULL,4,'2020-12-02 08:59:39','2020-12-02 09:00:06',0,0,0),(10089,4,NULL,'2225.2999999999997','',NULL,'14941.3','I','12716',NULL,2,NULL,4,'2020-12-03 07:55:56','2021-01-05 11:36:47',0,0,0),(10090,3,NULL,'909.65','',NULL,'6107.65','R','5198',NULL,2,NULL,3,'2020-12-03 07:56:15','2020-12-03 07:57:32',0,0,0),(10091,4,NULL,'2186.975','',NULL,'14683.975','D','12497',NULL,4,NULL,4,'2020-12-03 07:59:19','2020-12-03 09:41:15',0,238,0),(10092,4,NULL,'5825.924999999999','',NULL,'39116.925','undefined','33291',NULL,4,NULL,4,'2020-12-03 08:01:37','2020-12-03 08:03:19',0,0,0),(10093,3,NULL,'2405.375','',NULL,'16150.375','P','13745',NULL,3,NULL,3,'2020-12-05 16:35:11',NULL,0,0,0),(10094,3,NULL,'1050','',NULL,'7050','D','6000',NULL,7,NULL,3,'2020-12-07 12:44:13','2021-01-05 12:03:49',0,205,0),(10095,4,NULL,'1928.1499999999999','',NULL,'12946.15','D','11018',NULL,3,NULL,4,'2020-12-08 06:01:29','2021-04-13 14:14:13',0,99,1),(10096,4,NULL,'1149.3999999999999','',NULL,'7717.4','D','6568',NULL,3,NULL,4,'2020-12-08 06:02:20','2021-01-06 05:03:04',0,204,0),(10097,4,NULL,'475.825','',NULL,'3194.825','D','2719',NULL,3,NULL,4,'2020-12-08 06:07:15','2021-01-12 10:58:39',0,198,0),(10098,3,NULL,'1481.8999999999999','',NULL,'9949.9','D','8468',NULL,3,NULL,3,'2020-12-08 06:09:26','2020-12-15 20:57:24',0,226,0),(10099,3,NULL,'808.3249999999999','',NULL,'5427.325','D','4619',NULL,3,NULL,3,'2020-12-08 06:10:37','2021-01-12 10:58:32',0,198,0),(10100,4,NULL,'1889.9999999999998','',NULL,'12690','D','10800',NULL,4,NULL,4,'2020-12-08 06:37:09','2021-04-13 14:14:03',0,98,1),(10101,4,NULL,'1364.475','',NULL,'9161.475','D','7797',NULL,4,NULL,4,'2020-12-08 09:39:17','2021-01-12 10:59:13',0,198,0),(10102,3,NULL,'1487.5','',NULL,'9987.5','D','8500',NULL,2,NULL,3,'2020-12-11 08:10:35','2021-01-05 12:03:05',0,205,0),(10103,4,NULL,'475.825','',NULL,'3194.825','D','2719',NULL,2,NULL,4,'2020-12-17 05:59:29','2021-04-13 08:35:49',0,0,1),(10104,4,NULL,'1452.3249999999998','',NULL,'9751.325','D','8299',NULL,4,NULL,4,'2021-01-06 11:07:51','2021-01-12 10:58:45',0,198,0),(10105,3,NULL,'8.75','',NULL,'58.75','D','50',NULL,2,NULL,3,'2021-01-08 09:44:46','2021-01-12 10:59:27',0,198,0),(10106,3,NULL,'70','',NULL,'470','P','400',NULL,2,NULL,3,'2021-01-13 02:29:14',NULL,0,0,0),(10107,3,NULL,'87.5','',NULL,'587.5','P','500',NULL,2,NULL,3,'2021-01-13 02:29:37',NULL,0,0,0),(10108,4,NULL,'197.75','',NULL,'1327.75','D','1130',NULL,2,NULL,4,'2021-01-13 02:30:41','2021-02-13 11:18:40',0,166,0),(10109,3,NULL,'8.75','',NULL,'58.75','P','50',NULL,7,NULL,3,'2021-01-13 03:10:20',NULL,0,0,0),(10110,4,NULL,'70','',NULL,'470','P','400',NULL,7,NULL,4,'2021-01-13 03:10:46',NULL,0,0,0),(10111,4,NULL,'35','',NULL,'235','P','200',NULL,4,NULL,4,'2021-02-22 11:40:53',NULL,0,0,0),(10112,4,NULL,'8.75','',NULL,'58.75','P','50',NULL,4,NULL,4,'2021-02-22 11:44:15',NULL,0,0,0),(10113,4,NULL,'8.75','',NULL,'58.75','P','50',NULL,4,NULL,4,'2021-02-22 11:45:20',NULL,0,0,0),(10114,4,NULL,'35','',NULL,'235','P','200',NULL,4,NULL,4,'2021-02-22 11:47:45',NULL,0,0,0),(10115,4,NULL,'35','',NULL,'235','P','200',NULL,4,NULL,4,'2021-02-22 11:48:52',NULL,0,0,0),(10116,4,NULL,'35','',NULL,'235','P','200',NULL,4,NULL,4,'2021-02-22 11:52:59',NULL,0,0,0),(10117,4,NULL,'35','',NULL,'235','P','200',NULL,4,NULL,4,'2021-02-22 12:10:42',NULL,0,0,0),(10118,4,NULL,'35','',NULL,'235','P','200',NULL,4,NULL,4,'2021-02-22 12:14:47',NULL,0,0,0),(10119,4,NULL,'35','',NULL,'235','P','200',NULL,4,NULL,4,'2021-02-22 12:18:14',NULL,0,0,0),(10120,3,NULL,'52.5','',NULL,'352.5','P','300',NULL,3,NULL,3,'2021-02-22 12:21:33',NULL,0,0,0),(10121,3,NULL,'35','',NULL,'235','P','200',NULL,3,NULL,3,'2021-02-22 12:21:44',NULL,0,0,0),(10122,3,NULL,'35','',NULL,'235','P','200',NULL,3,NULL,3,'2021-02-22 13:38:50',NULL,0,0,0),(10123,4,NULL,'35','',NULL,'235','P','200',NULL,4,NULL,4,'2021-02-22 13:41:30',NULL,0,0,0),(10124,4,NULL,'8.75','',NULL,'58.75','P','50',NULL,4,NULL,4,'2021-02-22 13:42:16',NULL,0,0,0),(10125,3,NULL,'17.5','',NULL,'17','P','100',NULL,3,NULL,3,'2021-02-27 19:19:41',NULL,0,0,0),(10126,3,NULL,'8.75','',NULL,'8.75','P','50',NULL,3,NULL,3,'2021-02-27 20:30:43',NULL,50,0,0),(10127,4,NULL,'43.75','',NULL,'243.75','P','250',NULL,4,NULL,4,'2021-02-27 20:37:30',NULL,50,0,0),(10128,3,NULL,'52.5','',NULL,'302.5','P','300',NULL,3,NULL,3,'2021-03-02 07:13:56',NULL,50,0,0),(10129,3,NULL,'148.75','',NULL,'948','P','850',NULL,3,NULL,3,'2021-03-02 07:56:18',NULL,50,0,0),(10130,4,NULL,'47.25','',NULL,'317.25','A','270',NULL,2,NULL,4,'2021-03-03 09:00:47','2021-03-03 09:02:41',0,0,0),(10131,3,NULL,'175','',NULL,'1175','P','1000',NULL,2,NULL,3,'2021-03-03 09:05:03',NULL,0,0,0),(10132,3,NULL,'96.25','',NULL,'646.25','D','550',NULL,2,NULL,3,'2021-03-03 12:38:42','2021-03-03 12:55:56',50,148,0),(10133,3,NULL,'61.24999999999999','',NULL,'411.25','P','350',NULL,2,NULL,3,'2021-03-04 06:54:00',NULL,0,0,0),(10134,3,NULL,'297.5','',NULL,'1997.5','P','1700',NULL,2,NULL,3,'2021-03-04 07:00:21',NULL,0,0,0),(10135,4,NULL,NULL,'',NULL,NULL,'P',NULL,NULL,2,NULL,4,'2021-03-04 07:00:25',NULL,0,0,0),(10136,4,NULL,NULL,'',NULL,NULL,'P',NULL,NULL,2,NULL,4,'2021-03-04 07:00:27',NULL,0,0,0),(10137,4,NULL,NULL,'',NULL,NULL,'A',NULL,NULL,2,NULL,4,'2021-03-04 07:00:35','2021-03-04 07:01:56',0,0,0),(10138,4,NULL,'26.25','',NULL,'176.25','A','150',NULL,2,NULL,4,'2021-03-04 07:01:01','2021-04-28 07:33:26',0,0,0),(10139,4,NULL,NULL,'',NULL,NULL,'P',NULL,NULL,2,NULL,4,'2021-03-04 07:01:06',NULL,0,0,0),(10140,3,NULL,NULL,'',NULL,NULL,'A',NULL,NULL,2,NULL,3,'2021-03-04 07:01:16','2021-04-28 07:28:54',0,0,0),(10141,4,NULL,NULL,'',NULL,NULL,'A',NULL,NULL,2,NULL,4,'2021-03-04 07:01:24','2021-04-28 06:51:14',0,0,0),(10142,3,NULL,'75.25','',NULL,'505.25','A','430',NULL,2,NULL,3,'2021-03-04 07:03:33','2021-03-04 07:04:25',0,0,0),(10143,4,NULL,'35','',NULL,'235','A','200',NULL,2,NULL,4,'2021-03-04 07:22:46','2021-04-28 07:03:40',0,0,0),(10144,4,NULL,'8.75','',NULL,'58.75','A','50',NULL,2,NULL,4,'2021-03-04 07:23:16','2021-04-28 06:45:56',0,0,0),(10145,3,NULL,'297.5','',NULL,'1997.5','D','1700',NULL,2,NULL,3,'2021-03-11 11:30:32','2021-04-13 08:34:39',0,0,1),(10146,4,NULL,'52.5','',NULL,'352.5','A','300',NULL,4,NULL,4,'2021-03-15 04:44:41','2021-03-15 04:45:43',0,0,0),(10147,4,NULL,'52.5','',NULL,'352.5','A','300',NULL,4,NULL,4,'2021-03-15 06:50:22','2021-04-28 06:42:28',0,0,0),(10148,4,NULL,'52.5','',NULL,'352.5','D','300',NULL,4,NULL,4,'2021-03-31 01:38:39','2021-04-13 08:55:55',0,107,0),(10149,4,NULL,'78.75','',NULL,'478.75','D','450',NULL,4,NULL,4,'2021-03-31 01:40:32','2021-03-31 02:28:01',50,0,1),(10150,4,NULL,'31.499999999999996','',NULL,'261','A','180',NULL,4,NULL,4,'2021-04-18 21:25:38','2021-04-28 06:38:50',50,0,0),(10151,12,NULL,'52.5','',NULL,'352.5','A','300',NULL,60,NULL,20,'2021-04-19 01:23:14','2021-04-19 02:02:01',0,0,0),(10152,12,NULL,'52.5','',NULL,'302.5','A','300',NULL,60,NULL,20,'2021-04-19 02:11:28','2021-04-19 02:11:41',50,0,0),(10153,12,NULL,'131.25','',NULL,'831','S','750',NULL,60,NULL,20,'2021-04-19 02:20:40','2021-04-26 10:25:06',50,0,0),(10154,3,NULL,'52.5','',NULL,'352.5','A','300',NULL,2,NULL,3,'2021-04-28 11:06:17','2021-04-28 11:08:18',0,0,0),(10155,3,NULL,'897.7499999999999','',NULL,'6027.75','A','5130',NULL,2,NULL,3,'2021-04-28 11:07:03','2021-04-28 11:08:45',0,0,0),(10156,4,NULL,'1776.25','',NULL,'11926.25','A','10150',NULL,2,NULL,4,'2021-04-28 11:07:42','2021-04-29 01:00:00',0,0,0),(10157,3,NULL,'834.75','',NULL,'5604.75','P','4770',NULL,2,NULL,3,'2021-04-29 05:59:30',NULL,0,0,0),(10158,4,NULL,'1050','',NULL,'7050','P','6000',NULL,4,NULL,4,'2021-04-29 06:46:54',NULL,0,0,0),(10159,4,NULL,'15421.874999999998','',NULL,'103546.875','P','88125',NULL,2,NULL,4,'2021-04-29 10:11:07',NULL,0,0,0),(10160,12,NULL,'308.4375','',NULL,'2070.9375','A','1762.5',NULL,2,NULL,20,'2021-04-29 10:20:13','2021-05-02 04:24:17',0,0,0),(10161,4,NULL,'308.4375','',NULL,'2070.9375','A','1762.5',NULL,2,NULL,4,'2021-04-29 11:16:03','2021-05-02 04:24:28',0,0,0),(10162,12,NULL,'358.75','',NULL,'2408.75','A','2050',NULL,59,NULL,20,'2021-04-30 09:48:37','2021-05-02 04:24:46',0,0,0),(10163,12,NULL,'1438.5','',NULL,'9658.5','A','8220','',59,NULL,20,'2021-04-30 09:49:10','2021-05-02 04:25:22',0,0,0),(10164,12,NULL,'411.25','',NULL,'2761.25','I','2350',NULL,59,NULL,20,'2021-05-02 04:06:41','2021-06-28 11:13:50',0,0,0),(10165,4,NULL,'1028.125','',NULL,'6903.125','P','5875',NULL,4,NULL,4,'2021-06-28 11:16:03',NULL,0,0,0);
/*!40000 ALTER TABLE `orders` ENABLE KEYS */;
UNLOCK TABLES;

--
-- Table structure for table `ordersattr`
--

DROP TABLE IF EXISTS `ordersattr`;
/*!40101 SET @saved_cs_client     = @@character_set_client */;
/*!50503 SET character_set_client = utf8mb4 */;
CREATE TABLE `ordersattr` (
  `ORDERSATTR_ID` int NOT NULL AUTO_INCREMENT,
  `ORDER_ID` int NOT NULL,
  `SHIPADDRESS` varchar(255) DEFAULT NULL,
  `SHIPPARTNER` varchar(255) DEFAULT NULL,
  `SHIPNUMBER` varchar(255) DEFAULT NULL,
  `SHIPTYPE` varchar(255) DEFAULT NULL,
  `SHIPWEIGHT` varchar(255) DEFAULT NULL,
  `SHIPQUANTITY` varchar(255) DEFAULT NULL,
  `STATUS` varchar(255) DEFAULT NULL,
  `DELDQUANTITY` varchar(255) DEFAULT NULL,
  `SHIPDATE` varchar(255) DEFAULT NULL,
  `DELDATE` varchar(255) DEFAULT NULL,
  `PACKAGE` varchar(255) DEFAULT NULL,
  `CITY` varchar(255) DEFAULT NULL,
  `FIELD1` varchar(245) DEFAULT NULL,
  `FIELD2` varchar(245) DEFAULT NULL,
  PRIMARY KEY (`ORDERSATTR_ID`),
  KEY `ORDERSATTR_FK1_idx` (`ORDER_ID`),
  CONSTRAINT `ORDERSATTR_FK1` FOREIGN KEY (`ORDER_ID`) REFERENCES `orders` (`ORDER_ID`)
) ENGINE=InnoDB AUTO_INCREMENT=21 DEFAULT CHARSET=utf8mb4 COLLATE=utf8mb4_0900_ai_ci;
/*!40101 SET character_set_client = @saved_cs_client */;

--
-- Dumping data for table `ordersattr`
--

LOCK TABLES `ordersattr` WRITE;
/*!40000 ALTER TABLE `ordersattr` DISABLE KEYS */;
INSERT INTO `ordersattr` VALUES (1,10098,'ahsagsagjakgds','DHL','45454','Cargo','5KG','100','D','30','12/15/2020','12/16/2020','Box','Noida',NULL,NULL),(2,10102,'sdsd','DHL','4545454545','Cargo','25kg','100','D','10','12/16/2020','01/05/2021','Box','Noida',NULL,NULL),(3,10103,'sdfef','sdvsf','dvs','sdvsdvf','vsdvs','vdsvsfv','D','2','12/22/2020','12/30/2020','Box','Noida',NULL,NULL),(4,10096,'23','23','23','23','23','23','D','10','01/06/2021','01/06/2021','Box','Noida',NULL,NULL),(5,10097,'213213','213213','213','213213','213','213','D','','213','','Box','Noida',NULL,NULL),(6,10099,'12321','21321','213213','123213','21321','123213','D','','01/06/2021','','Box','Noida',NULL,NULL),(7,10104,'sdfef','sdvsf','dwsdx','tehgrthb','dvd','ssddc','D','','07/01/2021','','Box','Noida',NULL,NULL),(8,10105,'','','','','','','D','','','','Box','Noida',NULL,NULL),(9,10108,'510 Townsend st','test','1245677','test','6788','5','D','','13/2/2021','','Box','Pune',NULL,NULL),(10,10132,'PNT COLONY , SILIGURI','DTDCAVINASH','12346','TRANSPORT','100 kg','100','D','50','02/03/2021','03/03/2021','Box','Noida',NULL,NULL),(11,10001,'','','','','','','S',NULL,'',NULL,'Box','Pune',NULL,NULL),(12,10003,'','','','','','','S',NULL,'',NULL,'Box','Pune',NULL,NULL),(13,10006,'','','','','','','S',NULL,'',NULL,'Box','Pune',NULL,NULL),(14,10007,'','','','','','','S',NULL,'',NULL,'Box','Pune',NULL,NULL),(15,10010,'','','','','','','S',NULL,'',NULL,'Box','Noida',NULL,NULL),(16,10011,'','','','','','','S',NULL,'',NULL,'Box','Noida',NULL,NULL),(17,10012,'','','','','','','S',NULL,'',NULL,'Box','Noida',NULL,NULL),(18,10013,'','','','','','','S',NULL,'',NULL,'Box','Noida',NULL,NULL),(19,10148,'','','','','','','D','10','','04/13/2021','Box','Pune',NULL,NULL),(20,10153,'undefined','undefined','undefined','undefined','undefined','undefined','S',NULL,'undefined',NULL,'Box','Vellore',NULL,NULL);
/*!40000 ALTER TABLE `ordersattr` ENABLE KEYS */;
UNLOCK TABLES;

--
-- Table structure for table `payment`
--

DROP TABLE IF EXISTS `payment`;
/*!40101 SET @saved_cs_client     = @@character_set_client */;
/*!50503 SET character_set_client = utf8mb4 */;
CREATE TABLE `payment` (
  `PAYMENT_ID` int NOT NULL AUTO_INCREMENT,
  `ORDER_ID` int NOT NULL,
  `STATUS` varchar(255) DEFAULT NULL,
  `PENDINGFROMDATE` varchar(255) DEFAULT NULL,
  `PAYDATE` varchar(255) DEFAULT NULL,
  `DELAY` varchar(255) DEFAULT NULL,
  `FIELD1` varchar(245) DEFAULT NULL,
  `FIELD2` varchar(245) DEFAULT NULL,
  PRIMARY KEY (`PAYMENT_ID`),
  KEY `PAYMENT_FK1_idx` (`ORDER_ID`),
  CONSTRAINT `PAYMENT_FK1` FOREIGN KEY (`ORDER_ID`) REFERENCES `orders` (`ORDER_ID`)
) ENGINE=InnoDB AUTO_INCREMENT=21 DEFAULT CHARSET=utf8mb4 COLLATE=utf8mb4_0900_ai_ci;
/*!40101 SET character_set_client = @saved_cs_client */;

--
-- Dumping data for table `payment`
--

LOCK TABLES `payment` WRITE;
/*!40000 ALTER TABLE `payment` DISABLE KEYS */;
INSERT INTO `payment` VALUES (1,10098,'P','12/16/2020',NULL,'1',NULL,NULL),(2,10103,'P','12/30/2020',NULL,'1',NULL,NULL),(3,10102,'P','01/05/2021',NULL,'1',NULL,NULL),(4,10094,'P','',NULL,'1',NULL,NULL),(5,10095,'P','01/05/2021',NULL,'1',NULL,NULL),(6,10100,'P','01/07/2021',NULL,'1',NULL,NULL),(7,10096,'P','01/06/2021',NULL,'1',NULL,NULL),(8,10099,'P','',NULL,'1',NULL,NULL),(9,10097,'P','',NULL,'1',NULL,NULL),(10,10104,'P','',NULL,'1',NULL,NULL),(11,10101,'P','',NULL,'1',NULL,NULL),(12,10105,'P','',NULL,'1',NULL,NULL),(13,10005,'P','',NULL,'1',NULL,NULL),(14,10008,'P','',NULL,'1',NULL,NULL),(15,10009,'P','',NULL,'1',NULL,NULL),(16,10108,'P','',NULL,'1',NULL,NULL),(17,10132,'P','03/03/2021',NULL,'1',NULL,NULL),(18,10149,'P','',NULL,'1',NULL,NULL),(19,10145,'P','',NULL,'1',NULL,NULL),(20,10148,'P','04/13/2021',NULL,'1',NULL,NULL);
/*!40000 ALTER TABLE `payment` ENABLE KEYS */;
UNLOCK TABLES;

--
-- Table structure for table `prdattrrel`
--

DROP TABLE IF EXISTS `prdattrrel`;
/*!40101 SET @saved_cs_client     = @@character_set_client */;
/*!50503 SET character_set_client = utf8mb4 */;
CREATE TABLE `prdattrrel` (
  `PRDATTRREL_ID` int NOT NULL AUTO_INCREMENT,
  `PRODUCT_ID` int NOT NULL,
  `ATTR_ID` int NOT NULL,
  `ATTRVAL_ID` int NOT NULL,
  `SEQUENCE` varchar(45) DEFAULT NULL,
  PRIMARY KEY (`PRDATTRREL_ID`),
  KEY `PRDATTRREL_FK1_idx` (`ATTR_ID`),
  KEY `PRDATTRREL_FK2_idx` (`ATTRVAL_ID`),
  KEY `PRDATTRREL_FK3_idx` (`PRODUCT_ID`),
  CONSTRAINT `PRDATTRREL_FK1` FOREIGN KEY (`ATTR_ID`) REFERENCES `attr` (`ATTR_ID`),
  CONSTRAINT `PRDATTRREL_FK2` FOREIGN KEY (`ATTRVAL_ID`) REFERENCES `attrval` (`ATTRVAL_ID`),
  CONSTRAINT `PRDATTRREL_FK3` FOREIGN KEY (`PRODUCT_ID`) REFERENCES `product` (`PRODUCT_ID`)
) ENGINE=InnoDB DEFAULT CHARSET=utf8;
/*!40101 SET character_set_client = @saved_cs_client */;

--
-- Dumping data for table `prdattrrel`
--

LOCK TABLES `prdattrrel` WRITE;
/*!40000 ALTER TABLE `prdattrrel` DISABLE KEYS */;
/*!40000 ALTER TABLE `prdattrrel` ENABLE KEYS */;
UNLOCK TABLES;

--
-- Table structure for table `prdcatrel`
--

DROP TABLE IF EXISTS `prdcatrel`;
/*!40101 SET @saved_cs_client     = @@character_set_client */;
/*!50503 SET character_set_client = utf8mb4 */;
CREATE TABLE `prdcatrel` (
  `PRODUCT_ID` int NOT NULL,
  `CATEGORY_ID` int NOT NULL,
  KEY `PRDCATREL_FK1_idx` (`PRODUCT_ID`),
  CONSTRAINT `PRDCATREL_FK1` FOREIGN KEY (`PRODUCT_ID`) REFERENCES `product` (`PRODUCT_ID`)
) ENGINE=InnoDB DEFAULT CHARSET=utf8;
/*!40101 SET character_set_client = @saved_cs_client */;

--
-- Dumping data for table `prdcatrel`
--

LOCK TABLES `prdcatrel` WRITE;
/*!40000 ALTER TABLE `prdcatrel` DISABLE KEYS */;
INSERT INTO `prdcatrel` VALUES (1,4),(2,3),(20,6),(21,3),(25,3),(182,3);
/*!40000 ALTER TABLE `prdcatrel` ENABLE KEYS */;
UNLOCK TABLES;

--
-- Table structure for table `product`
--

DROP TABLE IF EXISTS `product`;
/*!40101 SET @saved_cs_client     = @@character_set_client */;
/*!50503 SET character_set_client = utf8mb4 */;
CREATE TABLE `product` (
  `PRODUCT_ID` int NOT NULL AUTO_INCREMENT,
  `PRODUCT_TYPE` varchar(45) NOT NULL,
  `NAME` varchar(750) DEFAULT NULL,
  `DESCRIPTION` varchar(2045) DEFAULT NULL,
  `PUBLISHED` varchar(45) NOT NULL,
  `THUMBNAIL` varchar(245) DEFAULT NULL,
  `FULLIMAGE` varchar(245) DEFAULT NULL,
  `PRODUCTcol` varchar(45) DEFAULT NULL,
  `ITEMNO` varchar(100) DEFAULT NULL,
  PRIMARY KEY (`PRODUCT_ID`),
  UNIQUE KEY `ITEMNO_UNIQUE` (`ITEMNO`)
) ENGINE=InnoDB AUTO_INCREMENT=194 DEFAULT CHARSET=utf8;
/*!40101 SET character_set_client = @saved_cs_client */;

--
-- Dumping data for table `product`
--

LOCK TABLES `product` WRITE;
/*!40000 ALTER TABLE `product` DISABLE KEYS */;
INSERT INTO `product` VALUES (1,'SKU','Axis Shell Green Back copy ( Red )','Sed ut perspiciatis unde omnis iste natus error sit voluptatem accusantium doloremque laudantium, totam rem aperiam, eaque ipsa quae ab illo inventore veritatis et quasi architecto beatae vitae dicta sunt explicabo. Nemo enim ipsam voluptatem quia voluptas sit aspernatur aut odit aut fugit, sed quia consequuntur magni dolores eos qui ratione voluptatem sequi nesciunt. Neque porro quisquam est, qui dolorem ipsum quia dolor sit amet, consectetur, adipisci velit, sed quia non numquam eius modi tempora incidunt ut labore et dolore magnam aliquam quaerat voluptatem','1','variant_1601034369YANlXU3P9t.jpg','variant_1601034369YANlXU3P9t.jpg',NULL,'MB100000'),(2,'SKU','802 MESH ( Red )','Sed ut perspiciatis unde omnis iste natus error sit voluptatem accusantium doloremque laudantium, totam rem aperiam, eaque ipsa quae ab illo inventore veritatis et quasi architecto beatae vitae dicta sunt explicabo. Nemo enim ipsam voluptatem quia voluptas sit aspernatur aut odit aut fugit, sed quia consequuntur magni dolores eos qui ratione voluptatem sequi nesciunt. Neque porro quisquam est, qui dolorem ipsum quia dolor sit amet, consectetur, adipisci velit, sed quia non numquam eius modi tempora incidunt ut labore et dolore magnam aliquam quaerat voluptatem','1','variant_16010339383yX9C4M1bt.jpg','variant_16010339383yX9C4M1bt.jpg',NULL,'MB100001'),(20,'SKU','Any Desk (Red)','Sed ut perspiciatis unde omnis iste natus error sit voluptatem accusantium doloremque laudantium, totam rem aperiam, eaque ipsa quae ab illo inventore veritatis et quasi architecto beatae vitae dicta sunt explicabo. Nemo enim ipsam voluptatem quia voluptas sit aspernatur aut odit aut fugit, sed quia consequuntur magni dolores eos qui ratione voluptatem sequi nesciunt. Neque porro quisquam est, qui dolorem ipsum quia dolor sit amet, consectetur, adipisci velit, sed quia non numquam eius modi tempora incidunt ut labore et dolore magnam aliquam quaerat voluptatem','1','variant_1601034369YANlXU3P9t.jpg','variant_1601034369YANlXU3P9t.jpg',NULL,'MB100002'),(21,'SKU','802 NETTED (Red)','Sed ut perspiciatis unde omnis iste natus error sit voluptatem accusantium doloremque laudantium, totam rem aperiam, eaque ipsa quae ab illo inventore veritatis et quasi architecto beatae vitae dicta sunt explicabo. Nemo enim ipsam voluptatem quia voluptas sit aspernatur aut odit aut fugit, sed quia consequuntur magni dolores eos qui ratione voluptatem sequi nesciunt. Neque porro quisquam est, qui dolorem ipsum quia dolor sit amet, consectetur, adipisci velit, sed quia non numquam eius modi tempora incidunt ut labore et dolore magnam aliquam quaerat voluptatem','1','variant_16010339383yX9C4M1bt.jpg','variant_16010339383yX9C4M1bt.jpg',NULL,'MB100003'),(22,'SKU','Test','Test123','1','','',NULL,'MB100004'),(23,'SKU','Wheel Chair','	Wheel Chair						','1','','',NULL,'MB100005'),(24,'SKU','NEWCB','		ddd					','1','','',NULL,'MB100006'),(25,'SKU','NEWCB','								On the Insert tab, the galleries include items that are designed to coordinate with the overall look of your document.\r\nYou can use these galleries to insert tables, headers, footers, lists, cover pages, and other document building blocks.\r\nWhen you create pictures, charts, or diagrams, they also coordinate with your current document look.\r\nYou can easily change the formatting of selected text in the document text by choosing a look for the selected text from the Quick Styles gallery on the Home tab.\r\nYou can also format text directly by using the other controls on the Home tab.\r\nMost controls offer a choice of using the look from the current theme or using a format that you specify directly.\r\nTo change the overall look of your document, choose new Theme elements on the Page Layout tab.\r\nTo change the looks available in the Quick Style gallery, use the Change Current Quick Style Set command.\r\nBoth the Themes gallery and the Quick Styles gallery provide reset commands so that you can always restore the look of your document to the original contained in your current template.\r\nOn the Insert tab, the galleries include items that are designed to coordinate with the overall look of your document.\r\n\r\n\r\n							','1','variant_1601034369YANlXU3P9t.jpg','variant_1601034369YANlXU3P9t.jpg',NULL,'MB100007'),(26,'SKU','ss','							','1','','',NULL,'MB100008'),(27,'SKU','FULL CHAIR','FLIP TRAINING CHAIR-PC WITH PAD WITH WHEEL','1','variant_16010339383yX9C4M1bt.jpg','variant_16010339383yX9C4M1bt.jpg',NULL,'FG101421'),(28,'SKU','FULL CHAIR','BREEZE CHAIR MB','1','variant_16010339383yX9C4M1bt.jpg','variant_16010339383yX9C4M1bt.jpg',NULL,'FG100341'),(29,'SKU','FULL CHAIR','FLIP TRAINING CHAIR-PC WITH PAD WITH WHEEL','1','variant_16010339383yX9C4M1bt.jpg','variant_16010339383yX9C4M1bt.jpg',NULL,'FG101423'),(30,'SKU','FULL CHAIR','BREEZE CHAIR MB','1','variant_16010339383yX9C4M1bt.jpg','variant_16010339383yX9C4M1bt.jpg',NULL,'FG100342'),(31,'SKU','FULL CHAIR','SOLITAIRE CHAIR - GREY WITH METAL BASE','1','variant_16010339383yX9C4M1bt.jpg','variant_16010339383yX9C4M1bt.jpg',NULL,'FG101756'),(32,'SKU','FULL CHAIR','802 CUSHION CHAIR BLUE WITH SPIDER BASE','1','variant_16010339383yX9C4M1bt.jpg','variant_16010339383yX9C4M1bt.jpg',NULL,'FG102056'),(33,'SKU','FULL CHAIR','803 NETTED CHAIR WITH SPIDER BASE','1','variant_16010339383yX9C4M1bt.jpg','variant_16010339383yX9C4M1bt.jpg',NULL,'FG101562'),(34,'SKU','FULL CHAIR','SPENCER CHAIR','1','variant_16010339383yX9C4M1bt.jpg','variant_16010339383yX9C4M1bt.jpg',NULL,'FG100356'),(35,'SKU','FULL CHAIR','SOLITAIRE CHAIR BLUE','1','variant_16010339383yX9C4M1bt.jpg','variant_16010339383yX9C4M1bt.jpg',NULL,'FG101236'),(36,'SKU','FULL CHAIR','804 NETTED CHAIR - IMP CROME BASE WITH IMP WHEEL','1','variant_16010339383yX9C4M1bt.jpg','variant_16010339383yX9C4M1bt.jpg',NULL,'FG101800'),(37,'SKU','FULL CHAIR','NEW NETTED CHAIR','1','variant_16010339383yX9C4M1bt.jpg','variant_16010339383yX9C4M1bt.jpg',NULL,'FG100329'),(38,'SKU','FULL CHAIR','INDIAN OPTIMUS CHAIR HB [B]','1','variant_16010339383yX9C4M1bt.jpg','variant_16010339383yX9C4M1bt.jpg',NULL,'FG100397'),(39,'SKU','FULL CHAIR','JAZZ HB CHAIR - WITH SPIDER BASE','1','variant_16010339383yX9C4M1bt.jpg','variant_16010339383yX9C4M1bt.jpg',NULL,'FG101289'),(40,'SKU','FULL CHAIR','802 NETTED CHAIR WITH NOVAL HANDLE','1','variant_16010339383yX9C4M1bt.jpg','variant_16010339383yX9C4M1bt.jpg',NULL,'FG101675'),(41,'SKU','FULL CHAIR','MARVEL 2 HB CHAIR(WITH CROME BASE MULTILOCK MECHANISAM)','1','variant_16010339383yX9C4M1bt.jpg','variant_16010339383yX9C4M1bt.jpg',NULL,'FG101780'),(42,'SKU','FULL CHAIR','BONAI CHAIR WITH HANGER MB SPL','1','variant_16010339383yX9C4M1bt.jpg','variant_16010339383yX9C4M1bt.jpg',NULL,'FG101934'),(43,'SKU','FULL CHAIR','MMC-X MESH CHAIR','1','variant_16010339383yX9C4M1bt.jpg','variant_16010339383yX9C4M1bt.jpg',NULL,'FG101877'),(44,'SKU','FULL CHAIR','Galen Study Chair - Jazz HB Chair with Spider base -Urbanladder-FNSTCH81BK10909','1','variant_16010339383yX9C4M1bt.jpg','variant_16010339383yX9C4M1bt.jpg',NULL,'FG101762'),(45,'SKU','FULL CHAIR','803 NETTED CHAIR WITH METAL BASE','1','variant_16010339383yX9C4M1bt.jpg','variant_16010339383yX9C4M1bt.jpg',NULL,'FG101713'),(46,'SKU','FULL CHAIR','MONARCH CHAIR MB','1','variant_16010339383yX9C4M1bt.jpg','variant_16010339383yX9C4M1bt.jpg',NULL,'FG100347'),(47,'SKU','FULL CHAIR','FLIP TRAINING CHAIR-PC W/PAD W/O WHEEL','1','variant_16010339383yX9C4M1bt.jpg','variant_16010339383yX9C4M1bt.jpg',NULL,'FG102305'),(48,'SKU','FULL CHAIR','BONAI CHAIR WITH HANGER HB SPL','1','variant_16010339383yX9C4M1bt.jpg','variant_16010339383yX9C4M1bt.jpg',NULL,'FG100415'),(49,'SKU','FULL CHAIR','802 CUSHION CHAIR BLUE','1','variant_16010339383yX9C4M1bt.jpg','variant_16010339383yX9C4M1bt.jpg',NULL,'FG101253'),(50,'SKU','FULL CHAIR','802 CUSHION CHAIR WITH SPIDER BASE','1','variant_16010339383yX9C4M1bt.jpg','variant_16010339383yX9C4M1bt.jpg',NULL,'FG102057'),(51,'SKU','FULL CHAIR','BONAI CHAIR WITH HANGER HB -DAMRO','1','variant_16010339383yX9C4M1bt.jpg','variant_16010339383yX9C4M1bt.jpg',NULL,'FG101729'),(52,'SKU','FULL CHAIR','FLIP TRAINING CHAIR-CHROME WITH PAD WITHOUT WHEEL','1','variant_16010339383yX9C4M1bt.jpg','variant_16010339383yX9C4M1bt.jpg',NULL,'FG101422'),(53,'SKU','FULL CHAIR','FLASH MESH CHAIR','1','variant_16010339383yX9C4M1bt.jpg','variant_16010339383yX9C4M1bt.jpg',NULL,'FG100335'),(54,'SKU','FULL CHAIR','FLIP TRAINING CHAIR-PC WITHOUT PAD WITHOUT WHEEL','1','variant_16010339383yX9C4M1bt.jpg','variant_16010339383yX9C4M1bt.jpg',NULL,'FG102041'),(55,'SKU','FULL CHAIR','MARVELL MB CHAIR','1','variant_16010339383yX9C4M1bt.jpg','variant_16010339383yX9C4M1bt.jpg',NULL,'FG100333'),(56,'SKU','FULL CHAIR','802 NETTED CHAIR WITH OLA HANDLE','1','variant_16010339383yX9C4M1bt.jpg','variant_16010339383yX9C4M1bt.jpg',NULL,'FG101624'),(57,'SKU','FULL CHAIR','KABEL CHAIR WITH METAL BASE','1','variant_16010339383yX9C4M1bt.jpg','variant_16010339383yX9C4M1bt.jpg',NULL,'FG101568'),(58,'SKU','FULL CHAIR','MAJESTY CHAIR HB WITH METAL BASE','1','variant_16010339383yX9C4M1bt.jpg','variant_16010339383yX9C4M1bt.jpg',NULL,'FG101672'),(59,'SKU','FULL CHAIR','802 CUSHION CHAIR','1','variant_16010339383yX9C4M1bt.jpg','variant_16010339383yX9C4M1bt.jpg',NULL,'FG100612'),(60,'SKU','FULL CHAIR','806 NETTED CHAIR','1','variant_16010339383yX9C4M1bt.jpg','variant_16010339383yX9C4M1bt.jpg',NULL,'FG100316'),(61,'SKU','FULL CHAIR','BONAI CHAIR WITHOUT HANGER MB','1','variant_16010339383yX9C4M1bt.jpg','variant_16010339383yX9C4M1bt.jpg',NULL,'FG100354'),(62,'SKU','FULL CHAIR','SOLITAIRE [V] CHAIR','1','variant_16010339383yX9C4M1bt.jpg','variant_16010339383yX9C4M1bt.jpg',NULL,'FG100611'),(63,'SKU','FULL CHAIR','803 [V] CHAIR','1','variant_16010339383yX9C4M1bt.jpg','variant_16010339383yX9C4M1bt.jpg',NULL,'FG100607'),(64,'SKU','FULL CHAIR','807 NETTED CHAIR','1','variant_16010339383yX9C4M1bt.jpg','variant_16010339383yX9C4M1bt.jpg',NULL,'FG100317'),(65,'SKU','FULL CHAIR','MYSTIC CHAIR HB','1','variant_16010339383yX9C4M1bt.jpg','variant_16010339383yX9C4M1bt.jpg',NULL,'FG100340'),(66,'SKU','FULL CHAIR','MYSTIC CHAIR MB','1','variant_16010339383yX9C4M1bt.jpg','variant_16010339383yX9C4M1bt.jpg',NULL,'FG100339'),(67,'SKU','FULL CHAIR','MAJESTY CHAIR HB','1','variant_16010339383yX9C4M1bt.jpg','variant_16010339383yX9C4M1bt.jpg',NULL,'FG100346'),(68,'SKU','FULL CHAIR','MAJESTY CHAIR MB','1','variant_16010339383yX9C4M1bt.jpg','variant_16010339383yX9C4M1bt.jpg',NULL,'FG100345'),(69,'SKU','FULL CHAIR','BREEZE CHAIR HB','1','variant_16010339383yX9C4M1bt.jpg','variant_16010339383yX9C4M1bt.jpg',NULL,'FG100343'),(70,'SKU','FULL CHAIR','MARVELL HB CHAIR','1','variant_16010339383yX9C4M1bt.jpg','variant_16010339383yX9C4M1bt.jpg',NULL,'FG100334'),(71,'SKU','FULL CHAIR','JUPITER CHAIR','1','variant_16010339383yX9C4M1bt.jpg','variant_16010339383yX9C4M1bt.jpg',NULL,'FG100311'),(72,'SKU','FULL CHAIR','803 CUSHION CHAIR','1','variant_16010339383yX9C4M1bt.jpg','variant_16010339383yX9C4M1bt.jpg',NULL,'FG100627'),(73,'SKU','FULL CHAIR','GILMA NETTED MB CHAIR','1','variant_16010339383yX9C4M1bt.jpg','variant_16010339383yX9C4M1bt.jpg',NULL,'FG100937'),(74,'SKU','FULL CHAIR','SOLITAIRE CHAIR','1','variant_16010339383yX9C4M1bt.jpg','variant_16010339383yX9C4M1bt.jpg',NULL,'FG100338'),(75,'SKU','FULL CHAIR','GAMA CHAIR BLACK','1','variant_16010339383yX9C4M1bt.jpg','variant_16010339383yX9C4M1bt.jpg',NULL,'FG100357'),(76,'SKU','FULL CHAIR','KABEL CHAIR','1','variant_16010339383yX9C4M1bt.jpg','variant_16010339383yX9C4M1bt.jpg',NULL,'FG100753'),(77,'SKU','FULL CHAIR','Elain Study Chair - 802 MB Chair-Urbanladder-FNSTCH41BK10808','1','variant_16010339383yX9C4M1bt.jpg','variant_16010339383yX9C4M1bt.jpg',NULL,'FG101480'),(78,'SKU','FULL CHAIR','X MESH CHAIR','1','variant_16010339383yX9C4M1bt.jpg','variant_16010339383yX9C4M1bt.jpg',NULL,'FG100331'),(79,'SKU','FULL CHAIR','805 NETTED [V] CHAIR','1','variant_16010339383yX9C4M1bt.jpg','variant_16010339383yX9C4M1bt.jpg',NULL,'FG100540'),(80,'SKU','FULL CHAIR','804 NETTED [V] CHAIR','1','variant_16010339383yX9C4M1bt.jpg','variant_16010339383yX9C4M1bt.jpg',NULL,'FG100546'),(81,'SKU','FULL CHAIR','JAZZ MB [V] CHAIR','1','variant_16010339383yX9C4M1bt.jpg','variant_16010339383yX9C4M1bt.jpg',NULL,'FG100570'),(82,'SKU','FULL CHAIR','PEARS NETTED CHAIR','1','variant_16010339383yX9C4M1bt.jpg','variant_16010339383yX9C4M1bt.jpg',NULL,'FG101093'),(83,'SKU','FULL CHAIR','CHERRY NETTED CHAIR','1','variant_16010339383yX9C4M1bt.jpg','variant_16010339383yX9C4M1bt.jpg',NULL,'FG101094'),(84,'SKU','FULL CHAIR','VISITOR NETTED CHAIR','1','variant_16010339383yX9C4M1bt.jpg','variant_16010339383yX9C4M1bt.jpg',NULL,'FG100330'),(85,'SKU','FULL CHAIR','MARVEL 2 MB CHAIR','1','variant_16010339383yX9C4M1bt.jpg','variant_16010339383yX9C4M1bt.jpg',NULL,'FG100336'),(86,'SKU','FULL CHAIR','JAZZ MB CHAIR - DAMRO','1','variant_16010339383yX9C4M1bt.jpg','variant_16010339383yX9C4M1bt.jpg',NULL,'FG101135'),(87,'SKU','FULL CHAIR','JAZZ HB CHAIR - DAMRO','1','variant_16010339383yX9C4M1bt.jpg','variant_16010339383yX9C4M1bt.jpg',NULL,'FG101839'),(88,'SKU','FULL CHAIR','804 NETTED CHAIR','1','variant_16010339383yX9C4M1bt.jpg','variant_16010339383yX9C4M1bt.jpg',NULL,'FG100314'),(89,'SKU','FULL CHAIR','BONAI CHAIR WITH HANGER MB','1','variant_16010339383yX9C4M1bt.jpg','variant_16010339383yX9C4M1bt.jpg',NULL,'FG100352'),(90,'SKU','FULL CHAIR','BONAI CHAIR WITH HANGER HB','1','variant_16010339383yX9C4M1bt.jpg','variant_16010339383yX9C4M1bt.jpg',NULL,'FG100351'),(91,'SKU','FULL CHAIR','FLIP TRAINING CHAIR-PC WITH PAD WITHOUT WHEEL','1','variant_16010339383yX9C4M1bt.jpg','variant_16010339383yX9C4M1bt.jpg',NULL,'FG101420'),(92,'SKU','FULL CHAIR','MMC-JAZZ MB [V] CHAIR','1','variant_16010339383yX9C4M1bt.jpg','variant_16010339383yX9C4M1bt.jpg',NULL,'FG101868'),(93,'SKU','FULL CHAIR','BUTTERFLY HB CHAIR','1','variant_16010339383yX9C4M1bt.jpg','variant_16010339383yX9C4M1bt.jpg',NULL,'FG100319'),(94,'SKU','FULL CHAIR','YUVA MESH CHAIR','1','variant_16010339383yX9C4M1bt.jpg','variant_16010339383yX9C4M1bt.jpg',NULL,'FG100332'),(95,'SKU','FULL CHAIR','COMFY MB CHAIR','1','variant_16010339383yX9C4M1bt.jpg','variant_16010339383yX9C4M1bt.jpg',NULL,'FG101631'),(96,'SKU','FULL CHAIR','KABEL [V] CHAIR','1','variant_16010339383yX9C4M1bt.jpg','variant_16010339383yX9C4M1bt.jpg',NULL,'FG100545'),(97,'SKU','FULL CHAIR','804 NETTED [V] CHAIR - SEAT RED','1','variant_16010339383yX9C4M1bt.jpg','variant_16010339383yX9C4M1bt.jpg',NULL,'FG102359'),(98,'SKU','FULL CHAIR','JAZZ MB CHAIR','1','variant_16010339383yX9C4M1bt.jpg','variant_16010339383yX9C4M1bt.jpg',NULL,'FG100322'),(99,'SKU','FULL CHAIR','803 NETTED CHAIR','1','variant_16010339383yX9C4M1bt.jpg','variant_16010339383yX9C4M1bt.jpg',NULL,'FG100313'),(100,'SKU','FULL CHAIR','OPTIMUS HB CHAIR','1','variant_16010339383yX9C4M1bt.jpg','variant_16010339383yX9C4M1bt.jpg',NULL,'FG100523'),(101,'SKU','FULL CHAIR','BUTTERFLY MB CHAIR','1','variant_16010339383yX9C4M1bt.jpg','variant_16010339383yX9C4M1bt.jpg',NULL,'FG100320'),(102,'SKU','FULL CHAIR','DYNAMIC CHAIR','1','variant_16010339383yX9C4M1bt.jpg','variant_16010339383yX9C4M1bt.jpg',NULL,'FG101166'),(103,'SKU','FULL CHAIR','MARVEL 2 HB CHAIR','1','variant_16010339383yX9C4M1bt.jpg','variant_16010339383yX9C4M1bt.jpg',NULL,'FG100337'),(104,'SKU','FULL CHAIR','MATRIX JAMBO 75MM CHAIR','1','variant_16010339383yX9C4M1bt.jpg','variant_16010339383yX9C4M1bt.jpg',NULL,'FG100324'),(105,'SKU','FULL CHAIR','GILMA NETTED HB CHAIR','1','variant_16010339383yX9C4M1bt.jpg','variant_16010339383yX9C4M1bt.jpg',NULL,'FG100544'),(106,'SKU','FULL CHAIR','805 NETTED CHAIR WITH METAL BASE','1','variant_16010339383yX9C4M1bt.jpg','variant_16010339383yX9C4M1bt.jpg',NULL,'FG101287'),(107,'SKU','FULL CHAIR','JAZZ HB CHAIR','1','variant_16010339383yX9C4M1bt.jpg','variant_16010339383yX9C4M1bt.jpg',NULL,'FG100321'),(108,'SKU','FULL CHAIR','805 NETTED CHAIR','1','variant_16010339383yX9C4M1bt.jpg','variant_16010339383yX9C4M1bt.jpg',NULL,'FG100315'),(109,'SKU','null','POFIT-AC-HAM OFFICE CHAIR','1','variant_16010339383yX9C4M1bt.jpg','variant_16010339383yX9C4M1bt.jpg',NULL,'FG102297'),(110,'SKU','DISCONTINUED','OfficeChair5304[Brown]','1','variant_1601034369YANlXU3P9t.jpg','variant_1601034369YANlXU3P9t.jpg',NULL,'FG100619'),(111,'SKU','DISCONTINUED','Office Chair A-1911','1','variant_1601034369YANlXU3P9t.jpg','variant_1601034369YANlXU3P9t.jpg',NULL,'FG101051'),(112,'SKU','DISCONTINUED','AIR001Airport Metal Sofa [Grey]-4S','1','variant_1601034369YANlXU3P9t.jpg','variant_1601034369YANlXU3P9t.jpg',NULL,'FG100423'),(113,'SKU','DISCONTINUED','AIR001Airport Sofa SS [4S]','1','variant_1601034369YANlXU3P9t.jpg','variant_1601034369YANlXU3P9t.jpg',NULL,'FG100424'),(114,'SKU','DISCONTINUED','ImpAirportSofaGrey[4S]','1','variant_1601034369YANlXU3P9t.jpg','variant_1601034369YANlXU3P9t.jpg',NULL,'FG100434'),(115,'SKU','DISCONTINUED','ImpAirportsofaMaroon[2Seat]','1','variant_1601034369YANlXU3P9t.jpg','variant_1601034369YANlXU3P9t.jpg',NULL,'FG100436'),(116,'SKU','DISCONTINUED','VisitorChair1102Black','1','variant_1601034369YANlXU3P9t.jpg','variant_1601034369YANlXU3P9t.jpg',NULL,'FG100478'),(117,'SKU','DISCONTINUED','OFFICE CHAIR LA - 866 MH','1','variant_1601034369YANlXU3P9t.jpg','variant_1601034369YANlXU3P9t.jpg',NULL,'FG100696'),(118,'SKU','DISCONTINUED','Air001AirportsofaSS[3S] WITH CUSHION','1','variant_1601034369YANlXU3P9t.jpg','variant_1601034369YANlXU3P9t.jpg',NULL,'FG100938'),(119,'SKU','DISCONTINUED','ZOHO CHAIR (NON FLEXIBLE)','1','variant_1601034369YANlXU3P9t.jpg','variant_1601034369YANlXU3P9t.jpg',NULL,'FG101587'),(120,'SKU','DISCONTINUED','VISITOR CHAIR D004 - BLACK','1','variant_1601034369YANlXU3P9t.jpg','variant_1601034369YANlXU3P9t.jpg',NULL,'FG100958'),(121,'SKU','DISCONTINUED','OfficeChairR1-FC[2H]','1','variant_1601034369YANlXU3P9t.jpg','variant_1601034369YANlXU3P9t.jpg',NULL,'FG100465'),(122,'SKU','DISCONTINUED','MB008OfficeChairSleeRexine900b[white]','1','variant_1601034369YANlXU3P9t.jpg','variant_1601034369YANlXU3P9t.jpg',NULL,'FG100577'),(123,'SKU','DISCONTINUED','CorporateVisitor[GreyFrame]A-134','1','variant_1601034369YANlXU3P9t.jpg','variant_1601034369YANlXU3P9t.jpg',NULL,'FG100475'),(124,'SKU','DISCONTINUED','OfficeChair2687[Brown]','1','variant_1601034369YANlXU3P9t.jpg','variant_1601034369YANlXU3P9t.jpg',NULL,'FG100441'),(125,'SKU','DISCONTINUED','SLEEK CUSHION HB 900A','1','variant_1601034369YANlXU3P9t.jpg','variant_1601034369YANlXU3P9t.jpg',NULL,'FG100598'),(126,'SKU','DISCONTINUED','VisitorChair1113','1','variant_1601034369YANlXU3P9t.jpg','variant_1601034369YANlXU3P9t.jpg',NULL,'FG100479'),(127,'SKU','DISCONTINUED','SLEEK CUSHION MB 900B','1','variant_1601034369YANlXU3P9t.jpg','variant_1601034369YANlXU3P9t.jpg',NULL,'FG100731'),(128,'SKU','DISCONTINUED','CLASSMATE 001 HY 228B','1','variant_1601034369YANlXU3P9t.jpg','variant_1601034369YANlXU3P9t.jpg',NULL,'FG100487'),(129,'SKU','DISCONTINUED','OfficeChair BOSS MB - F281','1','variant_1601034369YANlXU3P9t.jpg','variant_1601034369YANlXU3P9t.jpg',NULL,'FG100458'),(130,'SKU','DISCONTINUED','OFFICE CHAIR REMY MB 240B','1','variant_1601034369YANlXU3P9t.jpg','variant_1601034369YANlXU3P9t.jpg',NULL,'FG100733'),(131,'SKU','DISCONTINUED','VISITOR CHAIR J081 WHITE','1','variant_1601034369YANlXU3P9t.jpg','variant_1601034369YANlXU3P9t.jpg',NULL,'FG100744'),(132,'SKU','IMP SOFA','SOFA 3 SEATER - W8700','1','variant_1601034369YANlXU3P9t.jpg','variant_1601034369YANlXU3P9t.jpg',NULL,'FG102376'),(133,'SKU','IMPORT ACCESSORIES','LIFTER 120 mm [Class 2]-FG','1','variant_1601034369YANlXU3P9t.jpg','variant_1601034369YANlXU3P9t.jpg',NULL,'FG100548'),(134,'SKU','IMPORT ACCESSORIES','LIFTER 85 MM','1','variant_1601034369YANlXU3P9t.jpg','variant_1601034369YANlXU3P9t.jpg',NULL,'RM101427'),(135,'SKU','IMPORT ACCESSORIES','Sofa Center Suport pipe','1','variant_1601034369YANlXU3P9t.jpg','variant_1601034369YANlXU3P9t.jpg',NULL,'FG101060'),(136,'SKU','IMPORT ACCESSORIES','LIFTER 260 mm [Class 2]-FG','1','variant_1601034369YANlXU3P9t.jpg','variant_1601034369YANlXU3P9t.jpg',NULL,'FG100654'),(137,'SKU','IMPORT ACCESSORIES','LIFTER 120 MM [CLASS 4]','1','variant_1601034369YANlXU3P9t.jpg','variant_1601034369YANlXU3P9t.jpg',NULL,'RM101425'),(138,'SKU','IMPORT ACCESSORIES','BAR CHAIR ACCESSORIES','1','variant_1601034369YANlXU3P9t.jpg','variant_1601034369YANlXU3P9t.jpg',NULL,'FG100727'),(139,'SKU','IMPORT ACCESSORIES','Imp Arm & Leg','1','variant_1601034369YANlXU3P9t.jpg','variant_1601034369YANlXU3P9t.jpg',NULL,'FG100617'),(140,'SKU','IMPORT ACCESSORIES','CASTOR WHEEL PIN','1','variant_1601034369YANlXU3P9t.jpg','variant_1601034369YANlXU3P9t.jpg',NULL,'FG100549'),(141,'SKU','IMPORT ACCESSORIES','LIFTER 100 MM [CLASS 4]','1','variant_1601034369YANlXU3P9t.jpg','variant_1601034369YANlXU3P9t.jpg',NULL,'RM100653'),(142,'SKU','OFFICE CHAIR','HYBA F1 FULL PU','1','variant_1601034369YANlXU3P9t.jpg','variant_1601034369YANlXU3P9t.jpg',NULL,'FG102375'),(143,'SKU','OFFICE CHAIR','OfficeChair3286SE[Brown]','1','variant_1601034369YANlXU3P9t.jpg','variant_1601034369YANlXU3P9t.jpg',NULL,'FG100444'),(144,'SKU','OFFICE CHAIR','OfficeChair GRANDEUR HB - 9132','1','variant_1601034369YANlXU3P9t.jpg','variant_1601034369YANlXU3P9t.jpg',NULL,'FG100584'),(145,'SKU','OFFICE CHAIR','OfficeChairFILO-ALBlack','1','variant_1601034369YANlXU3P9t.jpg','variant_1601034369YANlXU3P9t.jpg',NULL,'FG100460'),(146,'SKU','OFFICE CHAIR','OfficeChair5301[Brown]','1','variant_1601034369YANlXU3P9t.jpg','variant_1601034369YANlXU3P9t.jpg',NULL,'FG100591'),(147,'SKU','OFFICE CHAIR','OfficeChair6121[Brown]','1','variant_1601034369YANlXU3P9t.jpg','variant_1601034369YANlXU3P9t.jpg',NULL,'FG100592'),(148,'SKU','OFFICE CHAIR','Duke High Back k830H Black','1','variant_1601034369YANlXU3P9t.jpg','variant_1601034369YANlXU3P9t.jpg',NULL,'FG100843'),(149,'SKU','OFFICE CHAIR','Duke Medium Back K-830MBlack','1','variant_1601034369YANlXU3P9t.jpg','variant_1601034369YANlXU3P9t.jpg',NULL,'FG100451'),(150,'SKU','OFFICE CHAIR','Office Chair Godrez HB K-836H Black','1','variant_1601034369YANlXU3P9t.jpg','variant_1601034369YANlXU3P9t.jpg',NULL,'FG100452'),(151,'SKU','OFFICE CHAIR','Office Chair M38','1','variant_1601034369YANlXU3P9t.jpg','variant_1601034369YANlXU3P9t.jpg',NULL,'FG100904'),(152,'SKU','OFFICE CHAIR','OfficeChairD1-808BBlack - ROCKY','1','variant_1601034369YANlXU3P9t.jpg','variant_1601034369YANlXU3P9t.jpg',NULL,'FG100455'),(153,'SKU','OFFICE CHAIR','WingsGreyOfficeChairG106B','1','variant_1601034369YANlXU3P9t.jpg','variant_1601034369YANlXU3P9t.jpg',NULL,'FG100470'),(154,'SKU','OFFICE CHAIR','OFFICE CHAIR FILO A1 GREY','1','variant_1601034369YANlXU3P9t.jpg','variant_1601034369YANlXU3P9t.jpg',NULL,'FG100740'),(155,'SKU','OFFICE CHAIR','HYBA F1 MESH BACK - FABRIC SEAT','1','variant_1601034369YANlXU3P9t.jpg','variant_1601034369YANlXU3P9t.jpg',NULL,'FG102374'),(156,'SKU','OFFICE CHAIR','OfficeChairR1-FM[2W]','1','variant_1601034369YANlXU3P9t.jpg','variant_1601034369YANlXU3P9t.jpg',NULL,'FG100464'),(157,'SKU','OFFICE CHAIR','OfficeChairQ52','1','variant_1601034369YANlXU3P9t.jpg','variant_1601034369YANlXU3P9t.jpg',NULL,'FG100582'),(158,'SKU','OFFICE CHAIR','OFFICE CHAIR D1 HB - BLACK','1','variant_1601034369YANlXU3P9t.jpg','variant_1601034369YANlXU3P9t.jpg',NULL,'FG101064'),(159,'SKU','OFFICE CHAIR','Office Chair Q62','1','variant_1601034369YANlXU3P9t.jpg','variant_1601034369YANlXU3P9t.jpg',NULL,'FG101050'),(160,'SKU','OFFICE CHAIR','InoxOfficeChair','1','variant_1601034369YANlXU3P9t.jpg','variant_1601034369YANlXU3P9t.jpg',NULL,'FG100454'),(161,'SKU','OFFICE CHAIR','OFFICE CHAIR D1 HB - BROWN','1','variant_1601034369YANlXU3P9t.jpg','variant_1601034369YANlXU3P9t.jpg',NULL,'FG100738'),(162,'SKU','OFFICE CHAIR','A813 OFFICE CHAIR','1','variant_1601034369YANlXU3P9t.jpg','variant_1601034369YANlXU3P9t.jpg',NULL,'FG102316'),(163,'SKU','OFFICE CHAIR','OfficeChair3286SE[Black]','1','variant_1601034369YANlXU3P9t.jpg','variant_1601034369YANlXU3P9t.jpg',NULL,'FG100590'),(164,'SKU','OFFICE CHAIR','OfficeChair BOSS HB F181','1','variant_1601034369YANlXU3P9t.jpg','variant_1601034369YANlXU3P9t.jpg',NULL,'FG100585'),(165,'SKU','OFFICE CHAIR','OfficeChairQ57-1BlACK','1','variant_1601034369YANlXU3P9t.jpg','variant_1601034369YANlXU3P9t.jpg',NULL,'FG100463'),(166,'SKU','SLEEK CHAIR','MB002 SLEEK NETTED MB 801B','1','variant_1601034369YANlXU3P9t.jpg','variant_1601034369YANlXU3P9t.jpg',NULL,'FG100474'),(167,'SKU','SLEEK CHAIR','HB005 Sleek Rexine HB Grey','1','variant_1601034369YANlXU3P9t.jpg','variant_1601034369YANlXU3P9t.jpg',NULL,'FG102295'),(168,'SKU','SLEEK CHAIR','OfficeChair SleekNetted hb 801A','1','variant_1601034369YANlXU3P9t.jpg','variant_1601034369YANlXU3P9t.jpg',NULL,'FG100471'),(169,'SKU','SLEEK CHAIR','MB006 Sleek Rexine MB 901B','1','variant_1601034369YANlXU3P9t.jpg','variant_1601034369YANlXU3P9t.jpg',NULL,'FG100576'),(170,'SKU','SLEEK CHAIR','MB006 Sleek Rexine MB Grey','1','variant_1601034369YANlXU3P9t.jpg','variant_1601034369YANlXU3P9t.jpg',NULL,'FG102296'),(171,'SKU','SLEEK CHAIR','HB005 SLEEK REXINE HB 901A','1','variant_1601034369YANlXU3P9t.jpg','variant_1601034369YANlXU3P9t.jpg',NULL,'FG100472'),(172,'SKU','TABLE','WFH TABLE-007','1','variant_1601034369YANlXU3P9t.jpg','variant_1601034369YANlXU3P9t.jpg',NULL,'FG101574'),(173,'SKU','TABLE','WFH TABLE-012','1','variant_1601034369YANlXU3P9t.jpg','variant_1601034369YANlXU3P9t.jpg',NULL,'FG101582'),(174,'SKU','TABLE','WFH TABLE 010','1','variant_1601034369YANlXU3P9t.jpg','variant_1601034369YANlXU3P9t.jpg',NULL,'FG101642'),(175,'SKU','TABLE','WFH TABLE-003','1','variant_1601034369YANlXU3P9t.jpg','variant_1601034369YANlXU3P9t.jpg',NULL,'FG101556'),(176,'SKU','VISITOR CHAIR','VisitorChair1101Cream','1','variant_1601034369YANlXU3P9t.jpg','variant_1601034369YANlXU3P9t.jpg',NULL,'FG100477'),(177,'SKU','VISITOR CHAIR','VS004 VISITOR CHAIR SLEEK REXINE 901C','1','variant_1601034369YANlXU3P9t.jpg','variant_1601034369YANlXU3P9t.jpg',NULL,'FG100578'),(178,'SKU','VISITOR CHAIR','VS003 VISITOR CHAIR SLEEK NETTED 801C','1','variant_1601034369YANlXU3P9t.jpg','variant_1601034369YANlXU3P9t.jpg',NULL,'FG100563'),(179,'SKU','VISITOR CHAIR','Visitor Chair 6009','1','variant_1601034369YANlXU3P9t.jpg','variant_1601034369YANlXU3P9t.jpg',NULL,'FG100936'),(180,'SKU','VISITOR CHAIR','VISITOR CHAIR D1 [VC] BLACK','1','variant_1601034369YANlXU3P9t.jpg','variant_1601034369YANlXU3P9t.jpg',NULL,'FG100841'),(181,'SKU','VISITOR CHAIR','OfficeChairZD182BBlack','1','variant_1601034369YANlXU3P9t.jpg','variant_1601034369YANlXU3P9t.jpg',NULL,'FG100593'),(182,'SKU','Test','Test							','1','banner_2.jpg','banner_2.jpg',NULL,'M8PDUD'),(191,'SKU','FULL CHAIR','OYO CHAIR PREMIUM WITH ALTO PAD-FITTED(SPACEWOOD)','1','variant_16010339383yX9C4M1bt.jpg','variant_16010339383yX9C4M1bt.jpg',NULL,'FG10B895'),(192,'SKU','FULL CHAIR','OYO CHAIR PREMIUM WITH ALTO PAD-FITTED(SPACEWOOD)','1','variant_16010339383yX9C4M1bt.jpg','variant_16010339383yX9C4M1bt.jpg',NULL,'FG10AC95'),(193,'SKU','FULL CHAIR','OYO CHAIR PREMIUM WITH ALTO PAD-FITTED(SPACEWOOD)','1','variant_16010339383yX9C4M1bt.jpg','variant_16010339383yX9C4M1bt.jpg',NULL,'FG10ADE95');
/*!40000 ALTER TABLE `product` ENABLE KEYS */;
UNLOCK TABLES;

--
-- Table structure for table `productconf`
--

DROP TABLE IF EXISTS `productconf`;
/*!40101 SET @saved_cs_client     = @@character_set_client */;
/*!50503 SET character_set_client = utf8mb4 */;
CREATE TABLE `productconf` (
  `PRODUCTCONF_ID` int NOT NULL AUTO_INCREMENT,
  `PRODUCT_ID` int NOT NULL,
  `INVENTORY` int NOT NULL,
  `LISTPRICE` varchar(2045) NOT NULL,
  `OFFERPRICE` varchar(2045) NOT NULL,
  `LENGTH` varchar(2045) DEFAULT NULL,
  `WIDTH` varchar(2045) DEFAULT NULL,
  `HEIGHT` varchar(2045) DEFAULT NULL,
  `MAX_ORDER_QTY` varchar(245) DEFAULT NULL,
  `MIN_ORDER_QTY` varchar(245) DEFAULT NULL,
  PRIMARY KEY (`PRODUCTCONF_ID`),
  KEY `PRODUCTCONF_FK1_idx` (`PRODUCT_ID`),
  CONSTRAINT `PRODUCTCONF_FK1` FOREIGN KEY (`PRODUCT_ID`) REFERENCES `product` (`PRODUCT_ID`)
) ENGINE=InnoDB AUTO_INCREMENT=173 DEFAULT CHARSET=utf8;
/*!40101 SET character_set_client = @saved_cs_client */;

--
-- Dumping data for table `productconf`
--

LOCK TABLES `productconf` WRITE;
/*!40000 ALTER TABLE `productconf` DISABLE KEYS */;
INSERT INTO `productconf` VALUES (1,1,9,'100','50',NULL,NULL,NULL,NULL,NULL),(2,2,265,'200','100',NULL,NULL,NULL,NULL,NULL),(13,20,0,'300','150',NULL,NULL,NULL,NULL,NULL),(14,21,27,'400','200',NULL,NULL,NULL,NULL,NULL),(15,25,10,'100','50',NULL,NULL,NULL,NULL,NULL),(16,29,1,'2000','1500',NULL,NULL,NULL,NULL,NULL),(17,30,27,'2000','1500',NULL,NULL,NULL,NULL,NULL),(18,31,1,'2000','1500',NULL,NULL,NULL,NULL,NULL),(19,32,7,'2000','1500',NULL,NULL,NULL,NULL,NULL),(20,33,30,'2000','1500',NULL,NULL,NULL,NULL,NULL),(21,34,67,'2000','1500',NULL,NULL,NULL,NULL,NULL),(22,35,1,'2000','1500',NULL,NULL,NULL,NULL,NULL),(23,36,18,'2000','1500',NULL,NULL,NULL,NULL,NULL),(24,37,11,'2000','1500',NULL,NULL,NULL,NULL,NULL),(25,38,2,'2000','1500',NULL,NULL,NULL,NULL,NULL),(26,39,2,'2000','1500',NULL,NULL,NULL,NULL,NULL),(27,40,4,'2000','1500',NULL,NULL,NULL,NULL,NULL),(28,41,4,'2000','1500',NULL,NULL,NULL,NULL,NULL),(29,42,5,'2000','1500',NULL,NULL,NULL,NULL,NULL),(30,43,1,'2000','1500',NULL,NULL,NULL,NULL,NULL),(31,44,298,'2000','1500',NULL,NULL,NULL,NULL,NULL),(32,45,8,'2000','1500',NULL,NULL,NULL,NULL,NULL),(33,46,2,'2000','1500',NULL,NULL,NULL,NULL,NULL),(34,47,2,'2000','1500',NULL,NULL,NULL,NULL,NULL),(35,48,40,'2000','1500',NULL,NULL,NULL,NULL,NULL),(36,49,8,'2000','1500',NULL,NULL,NULL,NULL,NULL),(37,50,12,'2000','1500',NULL,NULL,NULL,NULL,NULL),(38,51,11,'2000','1500',NULL,NULL,NULL,NULL,NULL),(39,52,5,'2000','1500',NULL,NULL,NULL,NULL,NULL),(40,53,161,'2000','1500',NULL,NULL,NULL,NULL,NULL),(41,54,63,'2000','1500',NULL,NULL,NULL,NULL,NULL),(42,55,47,'2000','1500',NULL,NULL,NULL,NULL,NULL),(43,56,31,'2000','1500',NULL,NULL,NULL,NULL,NULL),(44,57,2,'2000','1500',NULL,NULL,NULL,NULL,NULL),(45,58,0,'2000','1500',NULL,NULL,NULL,NULL,NULL),(46,59,16,'2000','1500',NULL,NULL,NULL,NULL,NULL),(47,60,9,'2000','1500',NULL,NULL,NULL,NULL,NULL),(48,61,9,'2000','1500',NULL,NULL,NULL,NULL,NULL),(49,62,10,'2000','1500',NULL,NULL,NULL,NULL,NULL),(50,63,10,'2000','1500',NULL,NULL,NULL,NULL,NULL),(51,64,13,'2000','1500',NULL,NULL,NULL,NULL,NULL),(52,65,31,'2000','1500',NULL,NULL,NULL,NULL,NULL),(53,66,3,'2000','1500',NULL,NULL,NULL,NULL,NULL),(54,67,31,'2000','1500',NULL,NULL,NULL,NULL,NULL),(55,68,56,'2000','1500',NULL,NULL,NULL,NULL,NULL),(56,69,27,'2000','1500',NULL,NULL,NULL,NULL,NULL),(57,70,73,'2000','1500',NULL,NULL,NULL,NULL,NULL),(58,71,11,'2000','1500',NULL,NULL,NULL,NULL,NULL),(59,72,3,'2000','1500',NULL,NULL,NULL,NULL,NULL),(60,73,5,'2000','1500',NULL,NULL,NULL,NULL,NULL),(61,74,135,'2000','1500',NULL,NULL,NULL,NULL,NULL),(62,75,10,'2000','1500',NULL,NULL,NULL,NULL,NULL),(63,76,4,'2000','1500',NULL,NULL,NULL,NULL,NULL),(64,77,144,'2000','1500',NULL,NULL,NULL,NULL,NULL),(65,78,55,'2000','1500',NULL,NULL,NULL,NULL,NULL),(66,79,74,'2000','1500',NULL,NULL,NULL,NULL,NULL),(67,80,37,'2000','1500',NULL,NULL,NULL,NULL,NULL),(68,81,17,'2000','1500',NULL,NULL,NULL,NULL,NULL),(69,82,92,'2000','1500',NULL,NULL,NULL,NULL,NULL),(70,83,142,'2000','1500',NULL,NULL,NULL,NULL,NULL),(71,84,25,'2000','1500',NULL,NULL,NULL,NULL,NULL),(72,85,100,'2000','1500',NULL,NULL,NULL,NULL,NULL),(73,86,22,'2000','1500',NULL,NULL,NULL,NULL,NULL),(74,87,59,'2000','1500',NULL,NULL,NULL,NULL,NULL),(75,88,86,'2000','1500',NULL,NULL,NULL,NULL,NULL),(76,89,1,'2000','1500',NULL,NULL,NULL,NULL,NULL),(77,90,27,'2000','1500',NULL,NULL,NULL,NULL,NULL),(78,91,18,'2000','1500',NULL,NULL,NULL,NULL,NULL),(79,92,1,'2000','1500',NULL,NULL,NULL,NULL,NULL),(80,93,95,'2000','1500',NULL,NULL,NULL,NULL,NULL),(81,94,58,'2000','1500',NULL,NULL,NULL,NULL,NULL),(82,95,20,'2000','1500',NULL,NULL,NULL,NULL,NULL),(83,96,2,'2000','1500',NULL,NULL,NULL,NULL,NULL),(84,97,5,'2000','1500',NULL,NULL,NULL,NULL,NULL),(85,98,40,'2000','1500',NULL,NULL,NULL,NULL,NULL),(86,99,144,'2000','1500',NULL,NULL,NULL,NULL,NULL),(87,100,36,'2000','1500',NULL,NULL,NULL,NULL,NULL),(88,101,31,'2000','1500',NULL,NULL,NULL,NULL,NULL),(89,102,30,'2000','1500',NULL,NULL,NULL,NULL,NULL),(90,103,219,'2000','1500',NULL,NULL,NULL,NULL,NULL),(91,104,50,'2000','1500',NULL,NULL,NULL,NULL,NULL),(92,105,45,'2000','1500',NULL,NULL,NULL,NULL,NULL),(93,106,15,'2000','1500',NULL,NULL,NULL,NULL,NULL),(94,107,43,'2000','1500',NULL,NULL,NULL,NULL,NULL),(95,108,148,'2000','1500',NULL,NULL,NULL,NULL,NULL),(96,109,1,'2000','1500',NULL,NULL,NULL,NULL,NULL),(97,110,2,'2000','1500',NULL,NULL,NULL,NULL,NULL),(98,111,1,'2000','1500',NULL,NULL,NULL,NULL,NULL),(99,112,9,'2000','1500',NULL,NULL,NULL,NULL,NULL),(100,113,15,'2000','1500',NULL,NULL,NULL,NULL,NULL),(101,114,17,'2000','1500',NULL,NULL,NULL,NULL,NULL),(102,115,53,'2000','1500',NULL,NULL,NULL,NULL,NULL),(103,116,2,'2000','1500',NULL,NULL,NULL,NULL,NULL),(104,117,1,'2000','1500',NULL,NULL,NULL,NULL,NULL),(105,118,1,'2000','1500',NULL,NULL,NULL,NULL,NULL),(106,119,1,'2000','1500',NULL,NULL,NULL,NULL,NULL),(107,120,1,'2000','1500',NULL,NULL,NULL,NULL,NULL),(108,121,1,'2000','1500',NULL,NULL,NULL,NULL,NULL),(109,122,7,'2000','1500',NULL,NULL,NULL,NULL,NULL),(110,123,2,'2000','1500',NULL,NULL,NULL,NULL,NULL),(111,124,1,'2000','1500',NULL,NULL,NULL,NULL,NULL),(112,125,1,'2000','1500',NULL,NULL,NULL,NULL,NULL),(113,126,44,'2000','1500',NULL,NULL,NULL,NULL,NULL),(114,127,5,'2000','1500',NULL,NULL,NULL,NULL,NULL),(115,128,71,'2000','1500',NULL,NULL,NULL,NULL,NULL),(116,129,14,'2000','1500',NULL,NULL,NULL,NULL,NULL),(117,130,2,'2000','1500',NULL,NULL,NULL,NULL,NULL),(118,131,38,'2000','1500',NULL,NULL,NULL,NULL,NULL),(119,132,1,'2000','1500',NULL,NULL,NULL,NULL,NULL),(120,133,8,'2000','1500',NULL,NULL,NULL,NULL,NULL),(121,134,2900,'2000','1500',NULL,NULL,NULL,NULL,NULL),(122,135,163,'2000','1500',NULL,NULL,NULL,NULL,NULL),(123,136,399,'2000','1500',NULL,NULL,NULL,NULL,NULL),(124,137,14289,'2000','1500',NULL,NULL,NULL,NULL,NULL),(125,138,586,'2000','1500',NULL,NULL,NULL,NULL,NULL),(126,139,21,'2000','1500',NULL,NULL,NULL,NULL,NULL),(127,140,85560,'2000','1500',NULL,NULL,NULL,NULL,NULL),(128,141,21540,'2000','1500',NULL,NULL,NULL,NULL,NULL),(129,142,17,'2000','1500',NULL,NULL,NULL,NULL,NULL),(130,143,70,'2000','1500',NULL,NULL,NULL,NULL,NULL),(131,144,1,'2000','1500',NULL,NULL,NULL,NULL,NULL),(132,145,22,'2000','1500',NULL,NULL,NULL,NULL,NULL),(133,146,1,'2000','1500',NULL,NULL,NULL,NULL,NULL),(134,147,1,'2000','1500',NULL,NULL,NULL,NULL,NULL),(135,148,1,'2000','1500',NULL,NULL,NULL,NULL,NULL),(136,149,2,'2000','1500',NULL,NULL,NULL,NULL,NULL),(137,150,1,'2000','1500',NULL,NULL,NULL,NULL,NULL),(138,151,2,'2000','1500',NULL,NULL,NULL,NULL,NULL),(139,152,1,'2000','1500',NULL,NULL,NULL,NULL,NULL),(140,153,1,'2000','1500',NULL,NULL,NULL,NULL,NULL),(141,154,18,'2000','1500',NULL,NULL,NULL,NULL,NULL),(142,155,29,'2000','1500',NULL,NULL,NULL,NULL,NULL),(143,156,1,'2000','1500',NULL,NULL,NULL,NULL,NULL),(144,157,23,'2000','1500',NULL,NULL,NULL,NULL,NULL),(145,158,26,'2000','1500',NULL,NULL,NULL,NULL,NULL),(146,159,128,'2000','1500',NULL,NULL,NULL,NULL,NULL),(147,160,2,'2000','1500',NULL,NULL,NULL,NULL,NULL),(148,161,59,'2000','1500',NULL,NULL,NULL,NULL,NULL),(149,162,39,'2000','1500',NULL,NULL,NULL,NULL,NULL),(150,163,20,'2000','1500',NULL,NULL,NULL,NULL,NULL),(151,164,29,'2000','1500',NULL,NULL,NULL,NULL,NULL),(152,165,3,'2000','1500',NULL,NULL,NULL,NULL,NULL),(153,166,3,'2000','1500',NULL,NULL,NULL,NULL,NULL),(154,167,45,'2000','1500',NULL,NULL,NULL,NULL,NULL),(155,168,2,'2000','1500',NULL,NULL,NULL,NULL,NULL),(156,169,20,'2000','1500',NULL,NULL,NULL,NULL,NULL),(157,170,25,'2000','1500',NULL,NULL,NULL,NULL,NULL),(158,171,15,'2000','1500',NULL,NULL,NULL,NULL,NULL),(159,172,36,'2000','1500',NULL,NULL,NULL,NULL,NULL),(160,173,45,'2000','1500',NULL,NULL,NULL,NULL,NULL),(161,174,39,'2000','1500',NULL,NULL,NULL,NULL,NULL),(162,175,25,'2000','1500',NULL,NULL,NULL,NULL,NULL),(163,176,10,'2000','1500',NULL,NULL,NULL,NULL,NULL),(164,177,4,'2000','1500',NULL,NULL,NULL,NULL,NULL),(165,178,3,'2000','1500',NULL,NULL,NULL,NULL,NULL),(166,179,65,'2000','1500',NULL,NULL,NULL,NULL,NULL),(167,180,15,'2000','1500',NULL,NULL,NULL,NULL,NULL),(168,181,75,'2000','1500',NULL,NULL,NULL,NULL,NULL),(169,182,200,'2000','1800',NULL,NULL,NULL,NULL,NULL),(170,191,150,'2000','1500',NULL,NULL,NULL,NULL,NULL),(171,192,150,'2000','1500',NULL,NULL,NULL,NULL,NULL),(172,193,150,'2000','1500',NULL,NULL,NULL,NULL,NULL);
/*!40000 ALTER TABLE `productconf` ENABLE KEYS */;
UNLOCK TABLES;

--
-- Table structure for table `pspare`
--

DROP TABLE IF EXISTS `pspare`;
/*!40101 SET @saved_cs_client     = @@character_set_client */;
/*!50503 SET character_set_client = utf8mb4 */;
CREATE TABLE `pspare` (
  `PSPARE_ID` int NOT NULL AUTO_INCREMENT,
  `PRODUCT_ID` int DEFAULT NULL,
  `NAME` varchar(750) NOT NULL,
  `DESCRIPTION` varchar(1000) DEFAULT NULL,
  `IMAGE1` varchar(245) DEFAULT NULL,
  `IMAGE2` varchar(245) DEFAULT NULL,
  `STATUS` varchar(45) NOT NULL,
  `PRICE` varchar(254) DEFAULT NULL,
  `ITEMNO` varchar(100) DEFAULT NULL,
  PRIMARY KEY (`PSPARE_ID`),
  KEY `PSPARE_idx` (`PRODUCT_ID`),
  CONSTRAINT `PSPARE_FK2` FOREIGN KEY (`PRODUCT_ID`) REFERENCES `product` (`PRODUCT_ID`)
) ENGINE=InnoDB AUTO_INCREMENT=1979 DEFAULT CHARSET=utf8;
/*!40101 SET character_set_client = @saved_cs_client */;

--
-- Dumping data for table `pspare`
--

LOCK TABLES `pspare` WRITE;
/*!40000 ALTER TABLE `pspare` DISABLE KEYS */;
INSERT INTO `pspare` VALUES (1,1,'Leg','Legs with wheel',NULL,NULL,'1','120','MB100S1'),(2,1,'Cover','Soft Covers',NULL,NULL,'1','130','MB100S2'),(3,2,'test','sdsdas',NULL,NULL,'1','150','MB100S3'),(5,2,'test','test test',NULL,NULL,'1','600','MB100S4'),(6,20,'Handle','Silver molded Handle',NULL,NULL,'1','450','MB100S5'),(10,2,'TEST03','               TEST TEST TEST',NULL,NULL,'1','200','MB100S6'),(11,21,'new','			new			 ',NULL,NULL,'1','200','MB100S7'),(15,1,'svv','vsdvfdvs						 ',NULL,NULL,'1','452','MB100S8'),(16,NULL,'ADJ TYPE HANDLE','OYO HANDLE PREMIUM',NULL,NULL,'1','200','FG100895'),(17,NULL,'ADJ TYPE HANDLE','OVAL HANDLE NEW',NULL,NULL,'1','200','FG100803'),(18,NULL,'ADJ TYPE HANDLE','OLA HANDLE WHITE',NULL,NULL,'1','200','FG100812'),(19,NULL,'ADJ TYPE HANDLE','OYO HANDLE PREMIUM WITH ALTO PAD-FITTED(SPACEWOOD)',NULL,NULL,'1','200','FG101805'),(20,NULL,'ADJ TYPE HANDLE','OLA HANDLE NYLON HOF',NULL,NULL,'1','200','FG101737'),(21,NULL,'ADJ TYPE HANDLE','OLA HANDLE REGULAR',NULL,NULL,'1','200','FG100858'),(22,NULL,'ADJ TYPE HANDLE','OYO HANDLE WITH 3D PAD-REGULAR',NULL,NULL,'1','200','FG100838'),(23,NULL,'ADJ TYPE HANDLE','OYO HANDLE REGULAR',NULL,NULL,'1','200','FG100002'),(24,NULL,'ADJ TYPE HANDLE','ADJ HANDLE',NULL,NULL,'1','200','FG100004'),(25,NULL,'AXIS VISITOR','AXIS SHELL ORANGE',NULL,NULL,'1','200','SFG100516'),(26,NULL,'AXIS VISITOR','AXIS SHELL YELLOW',NULL,NULL,'1','200','SFG100523'),(27,NULL,'AXIS VISITOR','AXIS SHELL SILVER GREY',NULL,NULL,'1','200','SFG100521'),(28,NULL,'AXIS VISITOR','AXIS SHELL SEA GREEN',NULL,NULL,'1','200','SFG100520'),(29,NULL,'AXIS VISITOR','AXIS SHELL PINK',NULL,NULL,'1','200','SFG100518'),(30,NULL,'AXIS VISITOR','AXIS SHELL KAKHI',NULL,NULL,'1','200','SFG100515'),(31,NULL,'AXIS VISITOR','AXIS SHELL WHITE',NULL,NULL,'1','200','SFG100524'),(32,NULL,'AXIS VISITOR','AXIS SHELL PARROT GREEN',NULL,NULL,'1','200','SFG100517'),(33,NULL,'AXIS VISITOR','AXIS SHELL BLACK',NULL,NULL,'1','200','SFG100503'),(34,NULL,'AXIS VISITOR','AXIS SHELL RED',NULL,NULL,'1','200','SFG100519'),(35,NULL,'AXIS VISITOR','AXIS SHELL BLUE WITH BLACK LEG',NULL,NULL,'1','200','FG100162'),(36,NULL,'AXIS VISITOR','AXIS SHELL SKY BLUE',NULL,NULL,'1','200','SFG100522'),(37,NULL,'AXIS VISITOR','AXIS SHELL BLUE',NULL,NULL,'1','200','SFG100514'),(38,NULL,'BASE','NYLON BASE NEW',NULL,NULL,'1','200','FG100023'),(39,NULL,'BASE','STAR BASE',NULL,NULL,'1','200','FG100024'),(1542,NULL,'ADJ TYPE HANDLE','OYO HANDLE PREMIUM',NULL,NULL,'1','200','FG100895'),(1543,NULL,'ADJ TYPE HANDLE','OVAL HANDLE NEW',NULL,NULL,'1','200','FG100803'),(1544,NULL,'ADJ TYPE HANDLE','OLA HANDLE WHITE',NULL,NULL,'1','200','FG100812'),(1545,NULL,'ADJ TYPE HANDLE','OYO HANDLE PREMIUM WITH ALTO PAD-FITTED(SPACEWOOD)',NULL,NULL,'1','200','FG101805'),(1546,NULL,'ADJ TYPE HANDLE','OLA HANDLE NYLON HOF',NULL,NULL,'1','200','FG101737'),(1547,NULL,'ADJ TYPE HANDLE','OLA HANDLE REGULAR',NULL,NULL,'1','200','FG100858'),(1548,NULL,'ADJ TYPE HANDLE','OYO HANDLE WITH 3D PAD-REGULAR',NULL,NULL,'1','200','FG100838'),(1549,NULL,'ADJ TYPE HANDLE','OYO HANDLE REGULAR',NULL,NULL,'1','200','FG100002'),(1550,NULL,'ADJ TYPE HANDLE','ADJ HANDLE',NULL,NULL,'1','200','FG100004'),(1551,NULL,'AXIS VISITOR','AXIS SHELL ORANGE',NULL,NULL,'1','200','SFG100516'),(1552,NULL,'AXIS VISITOR','AXIS SHELL YELLOW',NULL,NULL,'1','200','SFG100523'),(1553,NULL,'AXIS VISITOR','AXIS SHELL SILVER GREY',NULL,NULL,'1','200','SFG100521'),(1554,NULL,'AXIS VISITOR','AXIS SHELL SEA GREEN',NULL,NULL,'1','200','SFG100520'),(1555,NULL,'AXIS VISITOR','AXIS SHELL PINK',NULL,NULL,'1','200','SFG100518'),(1556,NULL,'AXIS VISITOR','AXIS SHELL KAKHI',NULL,NULL,'1','200','SFG100515'),(1557,NULL,'AXIS VISITOR','AXIS SHELL WHITE',NULL,NULL,'1','200','SFG100524'),(1558,NULL,'AXIS VISITOR','AXIS SHELL PARROT GREEN',NULL,NULL,'1','200','SFG100517'),(1559,NULL,'AXIS VISITOR','AXIS SHELL BLACK',NULL,NULL,'1','200','SFG100503'),(1560,NULL,'AXIS VISITOR','AXIS SHELL RED',NULL,NULL,'1','200','SFG100519'),(1561,NULL,'AXIS VISITOR','AXIS SHELL BLUE WITH BLACK LEG',NULL,NULL,'1','200','FG100162'),(1562,NULL,'AXIS VISITOR','AXIS SHELL SKY BLUE',NULL,NULL,'1','200','SFG100522'),(1563,NULL,'AXIS VISITOR','AXIS SHELL BLUE',NULL,NULL,'1','200','SFG100514'),(1564,NULL,'BASE','NYLON BASE NEW',NULL,NULL,'1','200','FG100023'),(1565,NULL,'BASE','STAR BASE',NULL,NULL,'1','200','FG100024'),(1566,NULL,'BASE','G BASE',NULL,NULL,'1','200','FG100020'),(1567,NULL,'BASE','SPIDER BASE',NULL,NULL,'1','200','FG100025'),(1568,NULL,'BASE','DOT BASE 20',NULL,NULL,'1','200','FG100018'),(1569,NULL,'CHAIR PARTS PURCHASE','CHERRY HANDLE WITH BLACK FLAP',NULL,NULL,'1','200','SFG100882'),(1570,NULL,'CHAIR PARTS PURCHASE','AXIS SHELL CENTER PART',NULL,NULL,'1','200','SFG100201'),(1571,NULL,'FIXED HANDLE','SOLITAIRE HANDLE',NULL,NULL,'1','200','SFG100198'),(1572,NULL,'FIXED HANDLE','SWAN HANDLE',NULL,NULL,'1','200','FG100039'),(1573,NULL,'FIXED HANDLE','SONY HANDLE',NULL,NULL,'1','200','FG100037'),(1574,NULL,'FIXED HANDLE','T HANDLE WHITE',NULL,NULL,'1','200','FG100930'),(1575,NULL,'FIXED HANDLE','MESH HANDLE LIGHT',NULL,NULL,'1','200','SFG100195'),(1576,NULL,'FIXED HANDLE','IT HANDLE',NULL,NULL,'1','200','FG100034'),(1577,NULL,'FIXED HANDLE','GODRAJ HANDLE',NULL,NULL,'1','200','FG100033'),(1578,NULL,'FIXED HANDLE','CH HANDLE B',NULL,NULL,'1','200','FG100029'),(1579,NULL,'FIXED HANDLE','CH HANDLE',NULL,NULL,'1','200','FG100028'),(1580,NULL,'FIXED HANDLE','SLICE HANDLE',NULL,NULL,'1','200','FG100038'),(1581,NULL,'FIXED HANDLE','XW HANDLE LITE',NULL,NULL,'1','200','FG100043'),(1582,NULL,'FIXED HANDLE','Arms Fixed AF52- Chouncha (BOCAFXD001)',NULL,NULL,'1','200','FG100538'),(1583,NULL,'FIXED HANDLE','RF HANDLE',NULL,NULL,'1','200','FG100036'),(1584,NULL,'FIXED HANDLE','T SONIC HANDLE',NULL,NULL,'1','200','FG100399'),(1585,NULL,'FIXED HANDLE','XW HANDLE HEAVY',NULL,NULL,'1','200','FG100042'),(1586,NULL,'FIXED HANDLE','KABEL HANDLE WHITE',NULL,NULL,'1','200','SFG100658'),(1587,NULL,'FIXED HANDLE','CHERRY HANDLE WHITE WITH METALLIC FLAP',NULL,NULL,'1','200','SFG101042'),(1588,NULL,'FIXED HANDLE','CHERRY HANDLE WITH METALLIC FLAP',NULL,NULL,'1','200','SFG100926'),(1589,NULL,'FIXED HANDLE','NOVAL HANDLE',NULL,NULL,'1','200','FG100035'),(1590,NULL,'FIXED HANDLE','T HANDLE',NULL,NULL,'1','200','FG100040'),(1591,NULL,'FIXED HANDLE','KABEL HANDLE',NULL,NULL,'1','200','SFG100197'),(1592,NULL,'FIXED HANDLE','MESH HANDLE HEAVY',NULL,NULL,'1','200','SFG100196'),(1593,NULL,'INNER OUTER','JUPITER INNER OUTER',NULL,NULL,'1','200','FG100053'),(1594,NULL,'INNER OUTER','803 OUTER',NULL,NULL,'1','200','SFG100034'),(1595,NULL,'INNER OUTER','Plastic Back Advantage LB - 803 INNER OUTER HI (BOCPBIO002)',NULL,NULL,'1','200','FG100050'),(1596,NULL,'INNER OUTER','Plastic Back Advantage MB (BOCPBIO001)',NULL,NULL,'1','200','FG100048'),(1597,NULL,'INNER OUTER','DYNASITY INNER OUTER',NULL,NULL,'1','200','FG100052'),(1598,NULL,'INNER OUTER','801 INNER OUTER',NULL,NULL,'1','200','FG100046'),(1599,NULL,'INNER OUTER','803 INNER OUTER',NULL,NULL,'1','200','FG100049'),(1600,NULL,'INNER OUTER','Arms Fixed AF93 Contact - CONTACT NEW TYPE ARMS (BOCAFXD034)',NULL,NULL,'1','200','FG100045'),(1601,NULL,'INNER OUTER','802 INNER OUTER',NULL,NULL,'1','200','FG100047'),(1602,NULL,'MARVEL VISITOR','MARVEL SHELL YELLOW',NULL,NULL,'1','200','SFG100534'),(1603,NULL,'MARVEL VISITOR','MARVEL SHELL WHITE',NULL,NULL,'1','200','SFG100535'),(1604,NULL,'MARVEL VISITOR','MARVEL SHELL SEA GREEN',NULL,NULL,'1','200','SFG100532'),(1605,NULL,'MARVEL VISITOR','MARVEL SHELL SILVER GERY',NULL,NULL,'1','200','SFG100533'),(1606,NULL,'MARVEL VISITOR','MARVEL SHELL RED',NULL,NULL,'1','200','SFG100531'),(1607,NULL,'MARVEL VISITOR','MARVEL SHELL BLACK',NULL,NULL,'1','200','SFG100525'),(1608,NULL,'MARVEL VISITOR','MARVEL SHELL ORANGE',NULL,NULL,'1','200','SFG100528'),(1609,NULL,'MARVEL VISITOR','MARVEL SHELL BLUE',NULL,NULL,'1','200','SFG100526'),(1610,NULL,'MARVEL VISITOR','MARVEL SHELL PARROT GREEN',NULL,NULL,'1','200','SFG100529'),(1611,NULL,'MARVEL VISITOR','MARVELL SHELL BLACK WITH BLACK LEG',NULL,NULL,'1','200','FG100176'),(1612,NULL,'MESH BACK','JAZZ NETTED MB SPL (B)',NULL,NULL,'1','200','FG100081'),(1613,NULL,'MESH BACK','802 NETTED SPL',NULL,NULL,'1','200','FG100378'),(1614,NULL,'MESH BACK','805 NETTED PREMIUM',NULL,NULL,'1','200','FG101210'),(1615,NULL,'MESH BACK','MARVEL 2 MESH BACK',NULL,NULL,'1','200','FG100110'),(1616,NULL,'MESH BACK','SUNNY NETTED HB REGULAR-NEW H/R',NULL,NULL,'1','200','FG101401'),(1617,NULL,'MESH BACK','X MESH BACK SPL',NULL,NULL,'1','200','FG100099'),(1618,NULL,'MESH BACK','MAJESTY NETTED HB REGULAR',NULL,NULL,'1','200','FG100123'),(1619,NULL,'MESH BACK','805 NETTED HOF',NULL,NULL,'1','200','FG100395'),(1620,NULL,'MESH BACK','MARVELL HB HOF',NULL,NULL,'1','200','FG100104'),(1621,NULL,'MESH BACK','MARVELL MB HOF',NULL,NULL,'1','200','FG100724'),(1622,NULL,'MESH BACK','SPENCER MESH BACK WITHOUT LUMBER SUPPORT HOF SPL',NULL,NULL,'1','200','FG101416'),(1623,NULL,'MESH BACK','COMFY MB- SELF CALIBRATING PATTA',NULL,NULL,'1','200','FG101408'),(1624,NULL,'MESH BACK','JAZZ NETTED MB',NULL,NULL,'1','200','FG100077'),(1625,NULL,'MESH BACK','BONAI MESH BACK WITH HANGER MB SPL',NULL,NULL,'1','200','FG100416'),(1626,NULL,'MESH BACK','OPTIMUS BACK HB -80 Degree',NULL,NULL,'1','200','FG101399'),(1627,NULL,'MESH BACK','SOLITAIRE NETTED MB WOF',NULL,NULL,'1','200','FG100115'),(1628,NULL,'MESH BACK','802 NETTED HOF',NULL,NULL,'1','200','FG100381'),(1629,NULL,'MESH BACK','804 NETTED GREY',NULL,NULL,'1','200','FG100756'),(1630,NULL,'MESH BACK','MYSTIC NETTED MB WHITE WITH GREY SPL FAB',NULL,NULL,'1','200','FG100916'),(1631,NULL,'MESH BACK','JAZZ NETTED MB-GREY',NULL,NULL,'1','200','FG100978'),(1632,NULL,'MESH BACK','BREEZE NETTED HB WHITE - WOF',NULL,NULL,'1','200','FG101975'),(1633,NULL,'MESH BACK','KABEL MESH BACK GREY CF-70 FAB',NULL,NULL,'1','200','FG102174'),(1634,NULL,'MESH BACK','BONAI MESH BACK WITH HANGER HB REGULAR WHITE - WOF',NULL,NULL,'1','200','FG102332'),(1635,NULL,'MESH BACK','JAZZ NETTED HB SPL',NULL,NULL,'1','200','FG100074'),(1636,NULL,'MESH BACK','BONAI MESH BACK WITH HANGER MB REGULAR',NULL,NULL,'1','200','FG100130'),(1637,NULL,'MESH BACK','BREEZE NETTED MB WHITE - WOF',NULL,NULL,'1','200','FG101976'),(1638,NULL,'MESH BACK','804 NETTED SPL',NULL,NULL,'1','200','FG100383'),(1639,NULL,'MESH BACK','JAZZ NETTED MB (B) SPL WITHOUT LOGO BOX',NULL,NULL,'1','200','FG101173'),(1640,NULL,'MESH BACK','JAZZ NETTED MB ZEBRO',NULL,NULL,'1','200','FG101192'),(1641,NULL,'MESH BACK','MATRIX NETTED 1 75MM HOF',NULL,NULL,'1','200','FG100087'),(1642,NULL,'MESH BACK','KABEL MESH BACK WHITE WOF',NULL,NULL,'1','200','FG101091'),(1643,NULL,'MESH BACK','BUTTERFLY NETTED HB REGULAR- AN 75 GREY',NULL,NULL,'1','200','FG101999'),(1644,NULL,'MESH BACK','NEW NETTED SPL',NULL,NULL,'1','200','FG100094'),(1645,NULL,'MESH BACK','BUTTERFLY NETTED HB REGULAR -YUVA FAB',NULL,NULL,'1','200','FG101972'),(1646,NULL,'MESH BACK','JAZZ NETTED MB (B) WITH AN75 GREY FAB',NULL,NULL,'1','200','FG102405'),(1647,NULL,'MESH BACK','CHERRY MESHBACK NETTED',NULL,NULL,'1','200','FG100921'),(1648,NULL,'MESH BACK','MONARCH NETTED HB REGULAR-NEW H/R',NULL,NULL,'1','200','FG101403'),(1649,NULL,'MESH BACK','807 NETTED',NULL,NULL,'1','200','FG100068'),(1650,NULL,'MESH BACK','VISITOR NETTED',NULL,NULL,'1','200','FG100096'),(1651,NULL,'MESH BACK','804 NETTED WHITE WOF',NULL,NULL,'1','200','SFG100586'),(1652,NULL,'MESH BACK','SOLITAIRE NETTED MB',NULL,NULL,'1','200','FG100114'),(1653,NULL,'MESH BACK','JAZZ NETTED HB SPL (B)',NULL,NULL,'1','200','FG100075'),(1654,NULL,'MESH BACK','BONAI MESH BACK WITH HANGER HB REGULAR',NULL,NULL,'1','200','FG100129'),(1655,NULL,'MESH BACK','SOLITAIRE NETTED MB SPL',NULL,NULL,'1','200','FG100402'),(1656,NULL,'MESH BACK','PEARS MESHBACK NETTED',NULL,NULL,'1','200','FG100922'),(1657,NULL,'MESH BACK','SPENCER MESH BACK SPL',NULL,NULL,'1','200','FG100405'),(1658,NULL,'MESH BACK','FLASH MESH BACK-75MM PATTA',NULL,NULL,'1','200','FG100108'),(1659,NULL,'MESH BACK','803 NETTED HOF',NULL,NULL,'1','200','FG100380'),(1660,NULL,'MESH BACK','DYNAMIC MESH BACK SPL',NULL,NULL,'1','200','FG101321'),(1661,NULL,'MESH BACK','OPTIMUS BACK HB',NULL,NULL,'1','200','FG100126'),(1662,NULL,'MESH BACK','MARVELL MB',NULL,NULL,'1','200','FG100102'),(1663,NULL,'MESH BACK','BONAI MESH BACK WITHOUT HANGER MB REGULAR',NULL,NULL,'1','200','FG100132'),(1664,NULL,'MESH BACK','MONARCH NETTED HB REGULAR',NULL,NULL,'1','200','FG100125'),(1665,NULL,'MESH BACK','OPTIMUS BACK HB -SCM PATTA',NULL,NULL,'1','200','FG102051'),(1666,NULL,'MESH BACK','MARVEL 2 HB',NULL,NULL,'1','200','FG100112'),(1667,NULL,'MESH BACK','MARVEL 2 HB SPL - MM',NULL,NULL,'1','200','FG101133'),(1668,NULL,'MESH BACK','MONARCH NETTED MB REGULAR',NULL,NULL,'1','200','FG100124'),(1669,NULL,'MESH BACK','BONAI MESH BACK WITHOUT HANGER MB SPL',NULL,NULL,'1','200','FG100418'),(1670,NULL,'MESH BACK','OPTIMUS BACK MB - PITRODA PATTA',NULL,NULL,'1','200','FG102393'),(1671,NULL,'MESH BACK','MARVEL 2 MESH BACK SPL',NULL,NULL,'1','200','FG100111'),(1672,NULL,'MESH BACK','806 NETTED',NULL,NULL,'1','200','FG100066'),(1673,NULL,'MESH BACK','MATRIX NETTED 1 65MM',NULL,NULL,'1','200','FG100085'),(1674,NULL,'MESH BACK','MARVEL 2 HB SPL',NULL,NULL,'1','200','FG100113'),(1675,NULL,'MESH BACK','MYSTIC NETTED HB REGULAR - NEW H/R',NULL,NULL,'1','200','FG101314'),(1676,NULL,'MESH BACK','MAJESTY NETTED HB REGULAR-NEW H/R',NULL,NULL,'1','200','FG101402'),(1677,NULL,'MESH BACK','803 NETTED SPL',NULL,NULL,'1','200','FG100379'),(1678,NULL,'MESH BACK','BONAI MESH BACK WITHOUT HANGER MB SPL REGULAR WITH OUT LOGO BOX',NULL,NULL,'1','200','FG101096'),(1679,NULL,'MESH BACK','KABEL MESH BACK WOF',NULL,NULL,'1','200','FG100403'),(1680,NULL,'MESH BACK','JAZZ NETTED MB (B)  WITH HEADREST HOLE',NULL,NULL,'1','200','FG102290'),(1681,NULL,'MESH BACK','JAZZ HEAD REST',NULL,NULL,'1','200','SFG100644'),(1682,NULL,'MESH BACK','MARVELL HB',NULL,NULL,'1','200','FG100103'),(1683,NULL,'MESH BACK','OPTIMUS BACK MB',NULL,NULL,'1','200','FG100127'),(1684,NULL,'MESH BACK','MATRIX NETTED 1 75MM SPL',NULL,NULL,'1','200','FG101678'),(1685,NULL,'MESH BACK','MAJESTY NETTED MB REGULAR',NULL,NULL,'1','200','FG100122'),(1686,NULL,'MESH BACK','BREEZE NETTED MB REGULAR',NULL,NULL,'1','200','FG100118'),(1687,NULL,'MESH BACK','MYSTIC NETTED MB REGULAR',NULL,NULL,'1','200','FG100116'),(1688,NULL,'MESH BACK','BREEZE NETTED HB REGULAR - NEW H/R',NULL,NULL,'1','200','FG101278'),(1689,NULL,'MESH BACK','KABEL MESH BACK SPL',NULL,NULL,'1','200','FG100134'),(1690,NULL,'MESH BACK','X MESH BACK REGULAR',NULL,NULL,'1','200','FG100098'),(1691,NULL,'MESH BACK','804 NETTED',NULL,NULL,'1','200','FG100382'),(1692,NULL,'MESH BACK','PEARS MESHBACK SPL',NULL,NULL,'1','200','FG100995'),(1693,NULL,'MESH BACK','BUTTERFLY NETTED MB REGULAR',NULL,NULL,'1','200','FG100071'),(1694,NULL,'MESH BACK','YUVA MESH BACK SPL',NULL,NULL,'1','200','FG100101'),(1695,NULL,'MESH BACK','FLASH MESH BACK SPL-75MM PATTA',NULL,NULL,'1','200','FG100109'),(1696,NULL,'MESH BACK','CHERRY MESHBACK SPL',NULL,NULL,'1','200','FG100994'),(1697,NULL,'MESH BACK','803 NETTED',NULL,NULL,'1','200','FG100056'),(1698,NULL,'MESH BACK','PEARS MESHBACK WOF',NULL,NULL,'1','200','FG101137'),(1699,NULL,'MESH BACK','BONAI MESH BACK WITHOUT HANGER HB REGULAR',NULL,NULL,'1','200','FG100131'),(1700,NULL,'MESH BACK','BONAI MESH BACK WITH HANGER HB SPL',NULL,NULL,'1','200','FG100537'),(1701,NULL,'MESH BACK','805 NETTED SPL',NULL,NULL,'1','200','FG100387'),(1702,NULL,'MESH BACK','KABEL MESH BACK',NULL,NULL,'1','200','FG100133'),(1703,NULL,'MESH BACK','MARVEL 2 MESH BACK SPL (MM)',NULL,NULL,'1','200','FG100974'),(1704,NULL,'MESH BACK','JAZZ NETTED HB (B)',NULL,NULL,'1','200','FG100073'),(1705,NULL,'MESH BACK','BUTTERFLY NETTED HB',NULL,NULL,'1','200','FG100070'),(1706,NULL,'MESH BACK','BONAI MESH BACK WITHOUT HANGER HB SPL',NULL,NULL,'1','200','FG100417'),(1707,NULL,'MESH BACK','805 NETTED',NULL,NULL,'1','200','FG100392'),(1708,NULL,'MESH BACK','JAZZ NETTED MB (B)',NULL,NULL,'1','200','FG100080'),(1709,NULL,'MESH BACK','MATRIX NETTED 1 75MM',NULL,NULL,'1','200','FG100086'),(1710,NULL,'MESH BACK','802 NETTED',NULL,NULL,'1','200','FG100054'),(1711,NULL,'MESH BACK','MATRIX JAMBO 75MM',NULL,NULL,'1','200','FG100084'),(1712,NULL,'MESH BACK','NEW NETTED',NULL,NULL,'1','200','FG100092'),(1713,NULL,'METAL BASE','ALFA BASE POWDER/C',NULL,NULL,'1','200','FG100521'),(1714,NULL,'METAL BASE','ALFA BASE',NULL,NULL,'1','200','FG100530'),(1715,NULL,'METAL BASE','BEETA BASE',NULL,NULL,'1','200','FG100531'),(1716,NULL,'PU PAD','D PAD PLASTIC',NULL,NULL,'1','200','FG100925'),(1717,NULL,'SEAT BACK','GAMA BACK BLACK',NULL,NULL,'1','200','SFG100168'),(1718,NULL,'SEAT BACK','GAMA BLACK',NULL,NULL,'1','200','FG100137'),(1719,NULL,'SEAT BACK','GAMA BLUE',NULL,NULL,'1','200','FG100138'),(1720,NULL,'SEAT BACK','GAMA BACK BLUE',NULL,NULL,'1','200','SFG100170'),(1721,NULL,'SEAT BACK','GAMA SEAT CHERRY',NULL,NULL,'1','200','SFG100171'),(1722,NULL,'SEAT BACK','GAMA YELLOW',NULL,NULL,'1','200','FG100142'),(1723,NULL,'SEAT BACK','GAMA BACK YELLOW',NULL,NULL,'1','200','SFG100178'),(1724,NULL,'SEAT BACK','GAMA CHERRY',NULL,NULL,'1','200','FG100139'),(1725,NULL,'SEAT BACK','GAMA BACK RED',NULL,NULL,'1','200','SFG100176'),(1726,NULL,'SEAT BACK','GAMA SEAT YELLOW',NULL,NULL,'1','200','SFG100177'),(1727,NULL,'SEAT BACK','GAMA SEAT RED',NULL,NULL,'1','200','SFG100175'),(1728,NULL,'SEAT BACK','GAMA SEAT GREEN',NULL,NULL,'1','200','SFG100173'),(1729,NULL,'SEAT BACK','GAMA BACK GREEN',NULL,NULL,'1','200','SFG100174'),(1730,NULL,'SEAT COVER','SEAT COVER MATRIX',NULL,NULL,'1','200','FG101187'),(1731,NULL,'SEAT COVER','SEAT COVER BUTTERFLY',NULL,NULL,'1','200','FG100926'),(1732,NULL,'SEAT COVER','SEAT COVER CONTACT',NULL,NULL,'1','200','FG100143'),(1733,NULL,'SEAT COVER','SEAT COVER EDEN',NULL,NULL,'1','200','FG100144'),(1734,NULL,'SEAT COVER','Plastic Cover Seat Contact - Flat (BOCPSCR016)',NULL,NULL,'1','200','FG100400'),(1735,NULL,'SEAT COVER','SEAT COVER DYNAMIC',NULL,NULL,'1','200','FG101216'),(1736,NULL,'SHELL','BAR SHELL ORANGE WL',NULL,NULL,'1','200','FG100158'),(1737,NULL,'SHELL','BAR SHELL BLACK WL',NULL,NULL,'1','200','FG100156'),(1738,NULL,'SHELL','BAR SHELL YELLOW WL',NULL,NULL,'1','200','FG101931'),(1739,NULL,'SHELL','BAR SHELL YELLOW WL SPL',NULL,NULL,'1','200','FG102404'),(1740,NULL,'SHELL','CENTURY BLACK',NULL,NULL,'1','200','FG100146'),(1741,NULL,'SHELL','MEGHNA SHELL BLUE',NULL,NULL,'1','200','FG100150'),(1742,NULL,'SHELL','MEGHNA SHELL RED',NULL,NULL,'1','200','FG100154'),(1743,NULL,'SHELL','MEGHNA SHELL CHERRY',NULL,NULL,'1','200','FG100151'),(1744,NULL,'SHELL','BAR SHELL WHITE WL',NULL,NULL,'1','200','FG100160'),(1745,NULL,'SHELL','MEGHNA SHELL GREEN',NULL,NULL,'1','200','FG100152'),(1746,NULL,'SHELL','MEGHNA SHELL YELLOW',NULL,NULL,'1','200','FG100155'),(1747,NULL,'SHELL','CENTURY RED',NULL,NULL,'1','200','FG100148'),(1748,NULL,'SHELL','BAR SHELL GREEN WL',NULL,NULL,'1','200','FG100157'),(1749,NULL,'SHELL','BAR SHELL RED WL',NULL,NULL,'1','200','FG100159'),(1750,NULL,'VIVA ACC','VIVA 1S CENTER BEAM MULTI SEATER BLACK',NULL,NULL,'1','200','FG101119'),(1751,NULL,'VIVA ACC','VIVA 2S CENTER BEAM MULTI SEATER BLACK',NULL,NULL,'1','200','FG101070'),(1752,NULL,'VIVA ACC','VIVA 4S CENTER BEAM MULTI SEATER BLACK',NULL,NULL,'1','200','FG101120'),(1753,NULL,'VIVA ACC','VIVA 3S CENTER BEAM MULTI SEATER BLACK',NULL,NULL,'1','200','FG101071'),(1754,NULL,'VIVA ACC','VIVA MULTISEATER LEG 1S/2S/3S',NULL,NULL,'1','200','SFG100896'),(1755,NULL,'VIVA ACC','VIVA MULTISEATER 3S HANDLE',NULL,NULL,'1','200','SFG101127'),(1756,NULL,'VIVA SOFA','VIVA MULTISEATER SEAT AND BACK SLIVER GREY SEMI',NULL,NULL,'1','200','SFG101324'),(1757,NULL,'VIVA SOFA','VIVA MULTISEATER SEAT AND BACK DARK GREY SEMI',NULL,NULL,'1','200','SFG101090'),(1758,NULL,'VIVA SOFA','VIVA MULTISEATER SEAT AND BACK BLUE SEMI',NULL,NULL,'1','200','SFG101030'),(1759,NULL,'null','AXIS & MARVEL SHELL LEG WHITE',NULL,NULL,'1','200','SFG100582'),(1760,NULL,'ADJ TYPE HANDLE','OYO HANDLE PREMIUM',NULL,NULL,'1','200','FG100895'),(1761,NULL,'ADJ TYPE HANDLE','OVAL HANDLE NEW',NULL,NULL,'1','200','FG100803'),(1762,NULL,'ADJ TYPE HANDLE','OLA HANDLE WHITE',NULL,NULL,'1','200','FG100812'),(1763,NULL,'ADJ TYPE HANDLE','OYO HANDLE PREMIUM WITH ALTO PAD-FITTED(SPACEWOOD)',NULL,NULL,'1','200','FG101805'),(1764,NULL,'ADJ TYPE HANDLE','OLA HANDLE NYLON HOF',NULL,NULL,'1','200','FG101737'),(1765,NULL,'ADJ TYPE HANDLE','OLA HANDLE REGULAR',NULL,NULL,'1','200','FG100858'),(1766,NULL,'ADJ TYPE HANDLE','OYO HANDLE WITH 3D PAD-REGULAR',NULL,NULL,'1','200','FG100838'),(1767,NULL,'ADJ TYPE HANDLE','OYO HANDLE REGULAR',NULL,NULL,'1','200','FG100002'),(1768,NULL,'ADJ TYPE HANDLE','ADJ HANDLE',NULL,NULL,'1','200','FG100004'),(1769,NULL,'AXIS VISITOR','AXIS SHELL ORANGE',NULL,NULL,'1','200','SFG100516'),(1770,NULL,'AXIS VISITOR','AXIS SHELL YELLOW',NULL,NULL,'1','200','SFG100523'),(1771,NULL,'AXIS VISITOR','AXIS SHELL SILVER GREY',NULL,NULL,'1','200','SFG100521'),(1772,NULL,'AXIS VISITOR','AXIS SHELL SEA GREEN',NULL,NULL,'1','200','SFG100520'),(1773,NULL,'AXIS VISITOR','AXIS SHELL PINK',NULL,NULL,'1','200','SFG100518'),(1774,NULL,'AXIS VISITOR','AXIS SHELL KAKHI',NULL,NULL,'1','200','SFG100515'),(1775,NULL,'AXIS VISITOR','AXIS SHELL WHITE',NULL,NULL,'1','200','SFG100524'),(1776,NULL,'AXIS VISITOR','AXIS SHELL PARROT GREEN',NULL,NULL,'1','200','SFG100517'),(1777,NULL,'AXIS VISITOR','AXIS SHELL BLACK',NULL,NULL,'1','200','SFG100503'),(1778,NULL,'AXIS VISITOR','AXIS SHELL RED',NULL,NULL,'1','200','SFG100519'),(1779,NULL,'AXIS VISITOR','AXIS SHELL BLUE WITH BLACK LEG',NULL,NULL,'1','200','FG100162'),(1780,NULL,'AXIS VISITOR','AXIS SHELL SKY BLUE',NULL,NULL,'1','200','SFG100522'),(1781,NULL,'AXIS VISITOR','AXIS SHELL BLUE',NULL,NULL,'1','200','SFG100514'),(1782,NULL,'BASE','NYLON BASE NEW',NULL,NULL,'1','200','FG100023'),(1783,NULL,'BASE','STAR BASE',NULL,NULL,'1','200','FG100024'),(1784,NULL,'BASE','G BASE',NULL,NULL,'1','200','FG100020'),(1785,NULL,'BASE','SPIDER BASE',NULL,NULL,'1','200','FG100025'),(1786,NULL,'BASE','DOT BASE 20',NULL,NULL,'1','200','FG100018'),(1787,NULL,'CHAIR PARTS PURCHASE','CHERRY HANDLE WITH BLACK FLAP',NULL,NULL,'1','200','SFG100882'),(1788,NULL,'CHAIR PARTS PURCHASE','AXIS SHELL CENTER PART',NULL,NULL,'1','200','SFG100201'),(1789,NULL,'FIXED HANDLE','SOLITAIRE HANDLE',NULL,NULL,'1','200','SFG100198'),(1790,NULL,'FIXED HANDLE','SWAN HANDLE',NULL,NULL,'1','200','FG100039'),(1791,NULL,'FIXED HANDLE','SONY HANDLE',NULL,NULL,'1','200','FG100037'),(1792,NULL,'FIXED HANDLE','T HANDLE WHITE',NULL,NULL,'1','200','FG100930'),(1793,NULL,'FIXED HANDLE','MESH HANDLE LIGHT',NULL,NULL,'1','200','SFG100195'),(1794,NULL,'FIXED HANDLE','IT HANDLE',NULL,NULL,'1','200','FG100034'),(1795,NULL,'FIXED HANDLE','GODRAJ HANDLE',NULL,NULL,'1','200','FG100033'),(1796,NULL,'FIXED HANDLE','CH HANDLE B',NULL,NULL,'1','200','FG100029'),(1797,NULL,'FIXED HANDLE','CH HANDLE',NULL,NULL,'1','200','FG100028'),(1798,NULL,'FIXED HANDLE','SLICE HANDLE',NULL,NULL,'1','200','FG100038'),(1799,NULL,'FIXED HANDLE','XW HANDLE LITE',NULL,NULL,'1','200','FG100043'),(1800,NULL,'FIXED HANDLE','Arms Fixed AF52- Chouncha (BOCAFXD001)',NULL,NULL,'1','200','FG100538'),(1801,NULL,'FIXED HANDLE','RF HANDLE',NULL,NULL,'1','200','FG100036'),(1802,NULL,'FIXED HANDLE','T SONIC HANDLE',NULL,NULL,'1','200','FG100399'),(1803,NULL,'FIXED HANDLE','XW HANDLE HEAVY',NULL,NULL,'1','200','FG100042'),(1804,NULL,'FIXED HANDLE','KABEL HANDLE WHITE',NULL,NULL,'1','200','SFG100658'),(1805,NULL,'FIXED HANDLE','CHERRY HANDLE WHITE WITH METALLIC FLAP',NULL,NULL,'1','200','SFG101042'),(1806,NULL,'FIXED HANDLE','CHERRY HANDLE WITH METALLIC FLAP',NULL,NULL,'1','200','SFG100926'),(1807,NULL,'FIXED HANDLE','NOVAL HANDLE',NULL,NULL,'1','200','FG100035'),(1808,NULL,'FIXED HANDLE','T HANDLE',NULL,NULL,'1','200','FG100040'),(1809,NULL,'FIXED HANDLE','KABEL HANDLE',NULL,NULL,'1','200','SFG100197'),(1810,NULL,'FIXED HANDLE','MESH HANDLE HEAVY',NULL,NULL,'1','200','SFG100196'),(1811,NULL,'INNER OUTER','JUPITER INNER OUTER',NULL,NULL,'1','200','FG100053'),(1812,NULL,'INNER OUTER','803 OUTER',NULL,NULL,'1','200','SFG100034'),(1813,NULL,'INNER OUTER','Plastic Back Advantage LB - 803 INNER OUTER HI (BOCPBIO002)',NULL,NULL,'1','200','FG100050'),(1814,NULL,'INNER OUTER','Plastic Back Advantage MB (BOCPBIO001)',NULL,NULL,'1','200','FG100048'),(1815,NULL,'INNER OUTER','DYNASITY INNER OUTER',NULL,NULL,'1','200','FG100052'),(1816,NULL,'INNER OUTER','801 INNER OUTER',NULL,NULL,'1','200','FG100046'),(1817,NULL,'INNER OUTER','803 INNER OUTER',NULL,NULL,'1','200','FG100049'),(1818,NULL,'INNER OUTER','Arms Fixed AF93 Contact - CONTACT NEW TYPE ARMS (BOCAFXD034)',NULL,NULL,'1','200','FG100045'),(1819,NULL,'INNER OUTER','802 INNER OUTER',NULL,NULL,'1','200','FG100047'),(1820,NULL,'MARVEL VISITOR','MARVEL SHELL YELLOW',NULL,NULL,'1','200','SFG100534'),(1821,NULL,'MARVEL VISITOR','MARVEL SHELL WHITE',NULL,NULL,'1','200','SFG100535'),(1822,NULL,'MARVEL VISITOR','MARVEL SHELL SEA GREEN',NULL,NULL,'1','200','SFG100532'),(1823,NULL,'MARVEL VISITOR','MARVEL SHELL SILVER GERY',NULL,NULL,'1','200','SFG100533'),(1824,NULL,'MARVEL VISITOR','MARVEL SHELL RED',NULL,NULL,'1','200','SFG100531'),(1825,NULL,'MARVEL VISITOR','MARVEL SHELL BLACK',NULL,NULL,'1','200','SFG100525'),(1826,NULL,'MARVEL VISITOR','MARVEL SHELL ORANGE',NULL,NULL,'1','200','SFG100528'),(1827,NULL,'MARVEL VISITOR','MARVEL SHELL BLUE',NULL,NULL,'1','200','SFG100526'),(1828,NULL,'MARVEL VISITOR','MARVEL SHELL PARROT GREEN',NULL,NULL,'1','200','SFG100529'),(1829,NULL,'MARVEL VISITOR','MARVELL SHELL BLACK WITH BLACK LEG',NULL,NULL,'1','200','FG100176'),(1830,NULL,'MESH BACK','JAZZ NETTED MB SPL (B)',NULL,NULL,'1','200','FG100081'),(1831,NULL,'MESH BACK','802 NETTED SPL',NULL,NULL,'1','200','FG100378'),(1832,NULL,'MESH BACK','805 NETTED PREMIUM',NULL,NULL,'1','200','FG101210'),(1833,NULL,'MESH BACK','MARVEL 2 MESH BACK',NULL,NULL,'1','200','FG100110'),(1834,NULL,'MESH BACK','SUNNY NETTED HB REGULAR-NEW H/R',NULL,NULL,'1','200','FG101401'),(1835,NULL,'MESH BACK','X MESH BACK SPL',NULL,NULL,'1','200','FG100099'),(1836,NULL,'MESH BACK','MAJESTY NETTED HB REGULAR',NULL,NULL,'1','200','FG100123'),(1837,NULL,'MESH BACK','805 NETTED HOF',NULL,NULL,'1','200','FG100395'),(1838,NULL,'MESH BACK','MARVELL HB HOF',NULL,NULL,'1','200','FG100104'),(1839,NULL,'MESH BACK','MARVELL MB HOF',NULL,NULL,'1','200','FG100724'),(1840,NULL,'MESH BACK','SPENCER MESH BACK WITHOUT LUMBER SUPPORT HOF SPL',NULL,NULL,'1','200','FG101416'),(1841,NULL,'MESH BACK','COMFY MB- SELF CALIBRATING PATTA',NULL,NULL,'1','200','FG101408'),(1842,NULL,'MESH BACK','JAZZ NETTED MB',NULL,NULL,'1','200','FG100077'),(1843,NULL,'MESH BACK','BONAI MESH BACK WITH HANGER MB SPL',NULL,NULL,'1','200','FG100416'),(1844,NULL,'MESH BACK','OPTIMUS BACK HB -80 Degree',NULL,NULL,'1','200','FG101399'),(1845,NULL,'MESH BACK','SOLITAIRE NETTED MB WOF',NULL,NULL,'1','200','FG100115'),(1846,NULL,'MESH BACK','802 NETTED HOF',NULL,NULL,'1','200','FG100381'),(1847,NULL,'MESH BACK','804 NETTED GREY',NULL,NULL,'1','200','FG100756'),(1848,NULL,'MESH BACK','MYSTIC NETTED MB WHITE WITH GREY SPL FAB',NULL,NULL,'1','200','FG100916'),(1849,NULL,'MESH BACK','JAZZ NETTED MB-GREY',NULL,NULL,'1','200','FG100978'),(1850,NULL,'MESH BACK','BREEZE NETTED HB WHITE - WOF',NULL,NULL,'1','200','FG101975'),(1851,NULL,'MESH BACK','KABEL MESH BACK GREY CF-70 FAB',NULL,NULL,'1','200','FG102174'),(1852,NULL,'MESH BACK','BONAI MESH BACK WITH HANGER HB REGULAR WHITE - WOF',NULL,NULL,'1','200','FG102332'),(1853,NULL,'MESH BACK','JAZZ NETTED HB SPL',NULL,NULL,'1','200','FG100074'),(1854,NULL,'MESH BACK','BONAI MESH BACK WITH HANGER MB REGULAR',NULL,NULL,'1','200','FG100130'),(1855,NULL,'MESH BACK','BREEZE NETTED MB WHITE - WOF',NULL,NULL,'1','200','FG101976'),(1856,NULL,'MESH BACK','804 NETTED SPL',NULL,NULL,'1','200','FG100383'),(1857,NULL,'MESH BACK','JAZZ NETTED MB (B) SPL WITHOUT LOGO BOX',NULL,NULL,'1','200','FG101173'),(1858,NULL,'MESH BACK','JAZZ NETTED MB ZEBRO',NULL,NULL,'1','200','FG101192'),(1859,NULL,'MESH BACK','MATRIX NETTED 1 75MM HOF',NULL,NULL,'1','200','FG100087'),(1860,NULL,'MESH BACK','KABEL MESH BACK WHITE WOF',NULL,NULL,'1','200','FG101091'),(1861,NULL,'MESH BACK','BUTTERFLY NETTED HB REGULAR- AN 75 GREY',NULL,NULL,'1','200','FG101999'),(1862,NULL,'MESH BACK','NEW NETTED SPL',NULL,NULL,'1','200','FG100094'),(1863,NULL,'MESH BACK','BUTTERFLY NETTED HB REGULAR -YUVA FAB',NULL,NULL,'1','200','FG101972'),(1864,NULL,'MESH BACK','JAZZ NETTED MB (B) WITH AN75 GREY FAB',NULL,NULL,'1','200','FG102405'),(1865,NULL,'MESH BACK','CHERRY MESHBACK NETTED',NULL,NULL,'1','200','FG100921'),(1866,NULL,'MESH BACK','MONARCH NETTED HB REGULAR-NEW H/R',NULL,NULL,'1','200','FG101403'),(1867,NULL,'MESH BACK','807 NETTED',NULL,NULL,'1','200','FG100068'),(1868,NULL,'MESH BACK','VISITOR NETTED',NULL,NULL,'1','200','FG100096'),(1869,NULL,'MESH BACK','804 NETTED WHITE WOF',NULL,NULL,'1','200','SFG100586'),(1870,NULL,'MESH BACK','SOLITAIRE NETTED MB',NULL,NULL,'1','200','FG100114'),(1871,NULL,'MESH BACK','JAZZ NETTED HB SPL (B)',NULL,NULL,'1','200','FG100075'),(1872,NULL,'MESH BACK','BONAI MESH BACK WITH HANGER HB REGULAR',NULL,NULL,'1','200','FG100129'),(1873,NULL,'MESH BACK','SOLITAIRE NETTED MB SPL',NULL,NULL,'1','200','FG100402'),(1874,NULL,'MESH BACK','PEARS MESHBACK NETTED',NULL,NULL,'1','200','FG100922'),(1875,NULL,'MESH BACK','SPENCER MESH BACK SPL',NULL,NULL,'1','200','FG100405'),(1876,NULL,'MESH BACK','FLASH MESH BACK-75MM PATTA',NULL,NULL,'1','200','FG100108'),(1877,NULL,'MESH BACK','803 NETTED HOF',NULL,NULL,'1','200','FG100380'),(1878,NULL,'MESH BACK','DYNAMIC MESH BACK SPL',NULL,NULL,'1','200','FG101321'),(1879,NULL,'MESH BACK','OPTIMUS BACK HB',NULL,NULL,'1','200','FG100126'),(1880,NULL,'MESH BACK','MARVELL MB',NULL,NULL,'1','200','FG100102'),(1881,NULL,'MESH BACK','BONAI MESH BACK WITHOUT HANGER MB REGULAR',NULL,NULL,'1','200','FG100132'),(1882,NULL,'MESH BACK','MONARCH NETTED HB REGULAR',NULL,NULL,'1','200','FG100125'),(1883,NULL,'MESH BACK','OPTIMUS BACK HB -SCM PATTA',NULL,NULL,'1','200','FG102051'),(1884,NULL,'MESH BACK','MARVEL 2 HB',NULL,NULL,'1','200','FG100112'),(1885,NULL,'MESH BACK','MARVEL 2 HB SPL - MM',NULL,NULL,'1','200','FG101133'),(1886,NULL,'MESH BACK','MONARCH NETTED MB REGULAR',NULL,NULL,'1','200','FG100124'),(1887,NULL,'MESH BACK','BONAI MESH BACK WITHOUT HANGER MB SPL',NULL,NULL,'1','200','FG100418'),(1888,NULL,'MESH BACK','OPTIMUS BACK MB - PITRODA PATTA',NULL,NULL,'1','200','FG102393'),(1889,NULL,'MESH BACK','MARVEL 2 MESH BACK SPL',NULL,NULL,'1','200','FG100111'),(1890,NULL,'MESH BACK','806 NETTED',NULL,NULL,'1','200','FG100066'),(1891,NULL,'MESH BACK','MATRIX NETTED 1 65MM',NULL,NULL,'1','200','FG100085'),(1892,NULL,'MESH BACK','MARVEL 2 HB SPL',NULL,NULL,'1','200','FG100113'),(1893,NULL,'MESH BACK','MYSTIC NETTED HB REGULAR - NEW H/R',NULL,NULL,'1','200','FG101314'),(1894,NULL,'MESH BACK','MAJESTY NETTED HB REGULAR-NEW H/R',NULL,NULL,'1','200','FG101402'),(1895,NULL,'MESH BACK','803 NETTED SPL',NULL,NULL,'1','200','FG100379'),(1896,NULL,'MESH BACK','BONAI MESH BACK WITHOUT HANGER MB SPL REGULAR WITH OUT LOGO BOX',NULL,NULL,'1','200','FG101096'),(1897,NULL,'MESH BACK','KABEL MESH BACK WOF',NULL,NULL,'1','200','FG100403'),(1898,NULL,'MESH BACK','JAZZ NETTED MB (B)  WITH HEADREST HOLE',NULL,NULL,'1','200','FG102290'),(1899,NULL,'MESH BACK','JAZZ HEAD REST',NULL,NULL,'1','200','SFG100644'),(1900,NULL,'MESH BACK','MARVELL HB',NULL,NULL,'1','200','FG100103'),(1901,NULL,'MESH BACK','OPTIMUS BACK MB',NULL,NULL,'1','200','FG100127'),(1902,NULL,'MESH BACK','MATRIX NETTED 1 75MM SPL',NULL,NULL,'1','200','FG101678'),(1903,NULL,'MESH BACK','MAJESTY NETTED MB REGULAR',NULL,NULL,'1','200','FG100122'),(1904,NULL,'MESH BACK','BREEZE NETTED MB REGULAR',NULL,NULL,'1','200','FG100118'),(1905,NULL,'MESH BACK','MYSTIC NETTED MB REGULAR',NULL,NULL,'1','200','FG100116'),(1906,NULL,'MESH BACK','BREEZE NETTED HB REGULAR - NEW H/R',NULL,NULL,'1','200','FG101278'),(1907,NULL,'MESH BACK','KABEL MESH BACK SPL',NULL,NULL,'1','200','FG100134'),(1908,NULL,'MESH BACK','X MESH BACK REGULAR',NULL,NULL,'1','200','FG100098'),(1909,NULL,'MESH BACK','804 NETTED',NULL,NULL,'1','200','FG100382'),(1910,NULL,'MESH BACK','PEARS MESHBACK SPL',NULL,NULL,'1','200','FG100995'),(1911,NULL,'MESH BACK','BUTTERFLY NETTED MB REGULAR',NULL,NULL,'1','200','FG100071'),(1912,NULL,'MESH BACK','YUVA MESH BACK SPL',NULL,NULL,'1','200','FG100101'),(1913,NULL,'MESH BACK','FLASH MESH BACK SPL-75MM PATTA',NULL,NULL,'1','200','FG100109'),(1914,NULL,'MESH BACK','CHERRY MESHBACK SPL',NULL,NULL,'1','200','FG100994'),(1915,NULL,'MESH BACK','803 NETTED',NULL,NULL,'1','200','FG100056'),(1916,NULL,'MESH BACK','PEARS MESHBACK WOF',NULL,NULL,'1','200','FG101137'),(1917,NULL,'MESH BACK','BONAI MESH BACK WITHOUT HANGER HB REGULAR',NULL,NULL,'1','200','FG100131'),(1918,NULL,'MESH BACK','BONAI MESH BACK WITH HANGER HB SPL',NULL,NULL,'1','200','FG100537'),(1919,NULL,'MESH BACK','805 NETTED SPL',NULL,NULL,'1','200','FG100387'),(1920,NULL,'MESH BACK','KABEL MESH BACK',NULL,NULL,'1','200','FG100133'),(1921,NULL,'MESH BACK','MARVEL 2 MESH BACK SPL (MM)',NULL,NULL,'1','200','FG100974'),(1922,NULL,'MESH BACK','JAZZ NETTED HB (B)',NULL,NULL,'1','200','FG100073'),(1923,NULL,'MESH BACK','BUTTERFLY NETTED HB',NULL,NULL,'1','200','FG100070'),(1924,NULL,'MESH BACK','BONAI MESH BACK WITHOUT HANGER HB SPL',NULL,NULL,'1','200','FG100417'),(1925,NULL,'MESH BACK','805 NETTED',NULL,NULL,'1','200','FG100392'),(1926,NULL,'MESH BACK','JAZZ NETTED MB (B)',NULL,NULL,'1','200','FG100080'),(1927,NULL,'MESH BACK','MATRIX NETTED 1 75MM',NULL,NULL,'1','200','FG100086'),(1928,NULL,'MESH BACK','802 NETTED',NULL,NULL,'1','200','FG100054'),(1929,NULL,'MESH BACK','MATRIX JAMBO 75MM',NULL,NULL,'1','200','FG100084'),(1930,NULL,'MESH BACK','NEW NETTED',NULL,NULL,'1','200','FG100092'),(1931,NULL,'METAL BASE','ALFA BASE POWDER/C',NULL,NULL,'1','200','FG100521'),(1932,NULL,'METAL BASE','ALFA BASE',NULL,NULL,'1','200','FG100530'),(1933,NULL,'METAL BASE','BEETA BASE',NULL,NULL,'1','200','FG100531'),(1934,NULL,'PU PAD','D PAD PLASTIC',NULL,NULL,'1','200','FG100925'),(1935,NULL,'SEAT BACK','GAMA BACK BLACK',NULL,NULL,'1','200','SFG100168'),(1936,NULL,'SEAT BACK','GAMA BLACK',NULL,NULL,'1','200','FG100137'),(1937,NULL,'SEAT BACK','GAMA BLUE',NULL,NULL,'1','200','FG100138'),(1938,NULL,'SEAT BACK','GAMA BACK BLUE',NULL,NULL,'1','200','SFG100170'),(1939,NULL,'SEAT BACK','GAMA SEAT CHERRY',NULL,NULL,'1','200','SFG100171'),(1940,NULL,'SEAT BACK','GAMA YELLOW',NULL,NULL,'1','200','FG100142'),(1941,NULL,'SEAT BACK','GAMA BACK YELLOW',NULL,NULL,'1','200','SFG100178'),(1942,NULL,'SEAT BACK','GAMA CHERRY',NULL,NULL,'1','200','FG100139'),(1943,NULL,'SEAT BACK','GAMA BACK RED',NULL,NULL,'1','200','SFG100176'),(1944,NULL,'SEAT BACK','GAMA SEAT YELLOW',NULL,NULL,'1','200','SFG100177'),(1945,NULL,'SEAT BACK','GAMA SEAT RED',NULL,NULL,'1','200','SFG100175'),(1946,NULL,'SEAT BACK','GAMA SEAT GREEN',NULL,NULL,'1','200','SFG100173'),(1947,NULL,'SEAT BACK','GAMA BACK GREEN',NULL,NULL,'1','200','SFG100174'),(1948,NULL,'SEAT COVER','SEAT COVER MATRIX',NULL,NULL,'1','200','FG101187'),(1949,NULL,'SEAT COVER','SEAT COVER BUTTERFLY',NULL,NULL,'1','200','FG100926'),(1950,NULL,'SEAT COVER','SEAT COVER CONTACT',NULL,NULL,'1','200','FG100143'),(1951,NULL,'SEAT COVER','SEAT COVER EDEN',NULL,NULL,'1','200','FG100144'),(1952,NULL,'SEAT COVER','Plastic Cover Seat Contact - Flat (BOCPSCR016)',NULL,NULL,'1','200','FG100400'),(1953,NULL,'SEAT COVER','SEAT COVER DYNAMIC',NULL,NULL,'1','200','FG101216'),(1954,NULL,'SHELL','BAR SHELL ORANGE WL',NULL,NULL,'1','200','FG100158'),(1955,NULL,'SHELL','BAR SHELL BLACK WL',NULL,NULL,'1','200','FG100156'),(1956,NULL,'SHELL','BAR SHELL YELLOW WL',NULL,NULL,'1','200','FG101931'),(1957,NULL,'SHELL','BAR SHELL YELLOW WL SPL',NULL,NULL,'1','200','FG102404'),(1958,NULL,'SHELL','CENTURY BLACK',NULL,NULL,'1','200','FG100146'),(1959,NULL,'SHELL','MEGHNA SHELL BLUE',NULL,NULL,'1','200','FG100150'),(1960,NULL,'SHELL','MEGHNA SHELL RED',NULL,NULL,'1','200','FG100154'),(1961,NULL,'SHELL','MEGHNA SHELL CHERRY',NULL,NULL,'1','200','FG100151'),(1962,NULL,'SHELL','BAR SHELL WHITE WL',NULL,NULL,'1','200','FG100160'),(1963,NULL,'SHELL','MEGHNA SHELL GREEN',NULL,NULL,'1','200','FG100152'),(1964,NULL,'SHELL','MEGHNA SHELL YELLOW',NULL,NULL,'1','200','FG100155'),(1965,NULL,'SHELL','CENTURY RED',NULL,NULL,'1','200','FG100148'),(1966,NULL,'SHELL','BAR SHELL GREEN WL',NULL,NULL,'1','200','FG100157'),(1967,NULL,'SHELL','BAR SHELL RED WL',NULL,NULL,'1','200','FG100159'),(1968,NULL,'VIVA ACC','VIVA 1S CENTER BEAM MULTI SEATER BLACK',NULL,NULL,'1','200','FG101119'),(1969,NULL,'VIVA ACC','VIVA 2S CENTER BEAM MULTI SEATER BLACK',NULL,NULL,'1','200','FG101070'),(1970,NULL,'VIVA ACC','VIVA 4S CENTER BEAM MULTI SEATER BLACK',NULL,NULL,'1','200','FG101120'),(1971,NULL,'VIVA ACC','VIVA 3S CENTER BEAM MULTI SEATER BLACK',NULL,NULL,'1','200','FG101071'),(1972,NULL,'VIVA ACC','VIVA MULTISEATER LEG 1S/2S/3S',NULL,NULL,'1','200','SFG100896'),(1973,NULL,'VIVA ACC','VIVA MULTISEATER 3S HANDLE',NULL,NULL,'1','200','SFG101127'),(1974,NULL,'VIVA SOFA','VIVA MULTISEATER SEAT AND BACK SLIVER GREY SEMI',NULL,NULL,'1','200','SFG101324'),(1975,NULL,'VIVA SOFA','VIVA MULTISEATER SEAT AND BACK DARK GREY SEMI',NULL,NULL,'1','200','SFG101090'),(1976,NULL,'VIVA SOFA','VIVA MULTISEATER SEAT AND BACK BLUE SEMI',NULL,NULL,'1','200','SFG101030'),(1977,NULL,'null','AXIS & MARVEL SHELL LEG WHITE',NULL,NULL,'1','200','SFG100582'),(1978,NULL,'ADJ TYPE HANDLE','OYO HANDLE PREMIUM',NULL,NULL,'1','200','FG100895C');
/*!40000 ALTER TABLE `pspare` ENABLE KEYS */;
UNLOCK TABLES;

--
-- Table structure for table `rewards`
--

DROP TABLE IF EXISTS `rewards`;
/*!40101 SET @saved_cs_client     = @@character_set_client */;
/*!50503 SET character_set_client = utf8mb4 */;
CREATE TABLE `rewards` (
  `id` int NOT NULL AUTO_INCREMENT,
  `reward_point` int DEFAULT '1',
  `cost_per_reward` int DEFAULT '1',
  `CREATETIME` timestamp NULL DEFAULT NULL,
  `UPDATETIME` timestamp NULL DEFAULT NULL,
  `STATUS` varchar(45) DEFAULT NULL,
  `ALLOWED_REWARD_POINTS` int DEFAULT '0',
  PRIMARY KEY (`id`)
) ENGINE=InnoDB AUTO_INCREMENT=2 DEFAULT CHARSET=latin1;
/*!40101 SET character_set_client = @saved_cs_client */;

--
-- Dumping data for table `rewards`
--

LOCK TABLES `rewards` WRITE;
/*!40000 ALTER TABLE `rewards` DISABLE KEYS */;
INSERT INTO `rewards` VALUES (1,1,1,'2021-02-19 08:09:27','2021-02-27 21:00:12','A',50);
/*!40000 ALTER TABLE `rewards` ENABLE KEYS */;
UNLOCK TABLES;

--
-- Table structure for table `role`
--

DROP TABLE IF EXISTS `role`;
/*!40101 SET @saved_cs_client     = @@character_set_client */;
/*!50503 SET character_set_client = utf8mb4 */;
CREATE TABLE `role` (
  `ROLE_ID` int NOT NULL AUTO_INCREMENT,
  `IDENTIFIER` varchar(245) NOT NULL,
  `NAME` varchar(245) DEFAULT NULL,
  `DESCRIPTION` varchar(745) DEFAULT NULL,
  `FILED1` varchar(545) DEFAULT NULL,
  PRIMARY KEY (`ROLE_ID`)
) ENGINE=InnoDB AUTO_INCREMENT=13 DEFAULT CHARSET=utf8;
/*!40101 SET character_set_client = @saved_cs_client */;

--
-- Dumping data for table `role`
--

LOCK TABLES `role` WRITE;
/*!40000 ALTER TABLE `role` DISABLE KEYS */;
INSERT INTO `role` VALUES (1,'HOD','Head Of the Department','Root Admin',NULL),(2,'A','Admin','Admin',NULL),(3,'DT','Distributor','Distributor',NULL),(4,'SE','Sales Executive','Sales Executive',NULL),(5,'DL','Dealer','Dealer',NULL),(6,'M','Member','Member',NULL),(7,'HM','Hr Manager','Hr Manager',NULL),(8,'FM','Finance Manager','Manager',NULL),(9,'AM','Account Manager','Account Manager',NULL),(10,'PM','Procurement Manager','Procurement Manager',NULL),(11,'OT','Other','Other',NULL),(12,'ST','Store','Store',NULL);
/*!40000 ALTER TABLE `role` ENABLE KEYS */;
UNLOCK TABLES;

--
-- Table structure for table `sales_target`
--

DROP TABLE IF EXISTS `sales_target`;
/*!40101 SET @saved_cs_client     = @@character_set_client */;
/*!50503 SET character_set_client = utf8mb4 */;
CREATE TABLE `sales_target` (
  `id` int NOT NULL AUTO_INCREMENT,
  `user_id` int NOT NULL,
  `SALES_TARGET` varchar(45) DEFAULT NULL,
  `SALES_ACHIEVED` varchar(45) DEFAULT NULL,
  `SALES_TARGET_STATUS` int DEFAULT '0',
  `CREATETIME` timestamp NULL DEFAULT NULL,
  `UPDATETIME` timestamp NULL DEFAULT NULL,
  `USER_LOGIN_ID` varchar(255) DEFAULT NULL,
  `APR_TARGET` varchar(45) DEFAULT NULL,
  `APR_ACHIEVED` varchar(45) DEFAULT NULL,
  `MAY_TARGET` varchar(45) DEFAULT NULL,
  `MAY_ACHIEVED` varchar(45) DEFAULT NULL,
  `JUN_TARGET` varchar(45) DEFAULT NULL,
  `JUN_ACHIEVED` varchar(45) DEFAULT NULL,
  `JUL_TARGET` varchar(45) DEFAULT NULL,
  `JUL_ACHIEVED` varchar(45) DEFAULT NULL,
  `AUG_TARGET` varchar(45) DEFAULT NULL,
  `AUG_ACHIEVED` varchar(45) DEFAULT NULL,
  `SEP_TARGET` varchar(45) DEFAULT NULL,
  `SEP_ACHIEVED` varchar(45) DEFAULT NULL,
  `OCT_TARGET` varchar(45) DEFAULT NULL,
  `OCT_ACHIEVED` varchar(45) DEFAULT NULL,
  `NOV_TARGET` varchar(45) DEFAULT NULL,
  `NOV_ACHIEVED` varchar(45) DEFAULT NULL,
  `DEC_TARGET` varchar(45) DEFAULT NULL,
  `DEC_ACHIEVED` varchar(45) DEFAULT NULL,
  `JAN_TARGET` varchar(45) DEFAULT NULL,
  `JAN_ACHIEVED` varchar(45) DEFAULT NULL,
  `FEB_TARGET` varchar(45) DEFAULT NULL,
  `FEB_ACHIEVED` varchar(45) DEFAULT NULL,
  `MAR_TARGET` varchar(45) DEFAULT NULL,
  `MAR_ACHIEVED` varchar(45) DEFAULT NULL,
  `TARGET_YEAR` varchar(45) DEFAULT NULL,
  `TARGET_TENURE` varchar(45) DEFAULT NULL,
  PRIMARY KEY (`id`)
) ENGINE=InnoDB AUTO_INCREMENT=23 DEFAULT CHARSET=utf8mb4 COLLATE=utf8mb4_0900_ai_ci;
/*!40101 SET character_set_client = @saved_cs_client */;

--
-- Dumping data for table `sales_target`
--

LOCK TABLES `sales_target` WRITE;
/*!40000 ALTER TABLE `sales_target` DISABLE KEYS */;
INSERT INTO `sales_target` VALUES (16,60,'600000','undefined',1,'2021-04-28 05:13:41','2021-04-28 05:46:40','sales_boris_testco','200000.00','65555','200000.00','0','200000.00','0',NULL,NULL,NULL,NULL,NULL,NULL,NULL,NULL,NULL,NULL,NULL,NULL,NULL,NULL,NULL,NULL,NULL,NULL,'2021','3'),(17,2,'50000','4141.875',0,'2021-04-28 05:14:02','2021-04-28 05:14:02','mbm_sales_executive1','16666.67','18000','16666.67','4141.875','16666.67','0',NULL,NULL,NULL,NULL,NULL,NULL,NULL,NULL,NULL,NULL,NULL,NULL,NULL,NULL,NULL,NULL,NULL,NULL,'2021','3'),(18,59,'600000','14828.5',0,'2021-04-28 05:21:02','2021-04-28 05:21:02','sales_boris_1','100000.00','12067.25','100000.00','14828.5','100000.00','0','100000.00','0','100000.00','0','100000.00','0',NULL,NULL,NULL,NULL,NULL,NULL,NULL,NULL,NULL,NULL,NULL,NULL,'2021','6'),(20,7,'800000','undefined',0,'2021-04-28 05:41:16','2021-04-28 05:41:16','uma_se','66666.67','15000','66666.67','0','66666.67','0','66666.67','0','66666.67','0','66666.67','0','66666.67','0','66666.67','0','66666.67','0','66666.67','0','66666.67','0','66666.67','0','2021','12'),(22,60,'800000','undefined',0,'2021-04-28 05:51:05','2021-04-28 05:51:05','sales_boris_testco','66666.67','655','66666.67','0','66666.67','0','66666.67','0','66666.67','0','66666.67','0','66666.67','0','66666.67','0','66666.67','0','66666.67','0','66666.67','0','66666.67','0','2021','12');
/*!40000 ALTER TABLE `sales_target` ENABLE KEYS */;
UNLOCK TABLES;

--
-- Table structure for table `table_listnames`
--

DROP TABLE IF EXISTS `table_listnames`;
/*!40101 SET @saved_cs_client     = @@character_set_client */;
/*!50503 SET character_set_client = utf8mb4 */;
CREATE TABLE `table_listnames` (
  `id` int NOT NULL AUTO_INCREMENT,
  `name` varchar(255) NOT NULL,
  `address` varchar(255) NOT NULL,
  `tele` varchar(255) NOT NULL,
  PRIMARY KEY (`id`)
) ENGINE=InnoDB AUTO_INCREMENT=2 DEFAULT CHARSET=utf8mb4 COLLATE=utf8mb4_0900_ai_ci;
/*!40101 SET character_set_client = @saved_cs_client */;

--
-- Dumping data for table `table_listnames`
--

LOCK TABLES `table_listnames` WRITE;
/*!40000 ALTER TABLE `table_listnames` DISABLE KEYS */;
INSERT INTO `table_listnames` VALUES (1,'Rupert','Somewhere','022');
/*!40000 ALTER TABLE `table_listnames` ENABLE KEYS */;
UNLOCK TABLES;

--
-- Table structure for table `topcategory`
--

DROP TABLE IF EXISTS `topcategory`;
/*!40101 SET @saved_cs_client     = @@character_set_client */;
/*!50503 SET character_set_client = utf8mb4 */;
CREATE TABLE `topcategory` (
  `TopCategoryId` int NOT NULL AUTO_INCREMENT,
  `Identifier` varchar(245) NOT NULL,
  `Name` varchar(245) DEFAULT NULL,
  `Description` varchar(1045) DEFAULT NULL,
  `Field1` varchar(750) DEFAULT NULL,
  `Field2` varchar(745) DEFAULT NULL,
  `Status` varchar(20) NOT NULL,
  PRIMARY KEY (`TopCategoryId`),
  UNIQUE KEY `TopCategoryId_UNIQUE` (`TopCategoryId`)
) ENGINE=InnoDB AUTO_INCREMENT=11 DEFAULT CHARSET=utf8;
/*!40101 SET character_set_client = @saved_cs_client */;

--
-- Dumping data for table `topcategory`
--

LOCK TABLES `topcategory` WRITE;
/*!40000 ALTER TABLE `topcategory` DISABLE KEYS */;
INSERT INTO `topcategory` VALUES (1,'MBM001','Chair Parts',NULL,NULL,NULL,'1'),(2,'MBM2003','Test','tegee',NULL,NULL,'1'),(3,'Handle ','Silver Handle','Silver Handle',NULL,NULL,'1'),(4,'','','',NULL,NULL,'1'),(5,'','','',NULL,NULL,'1'),(6,'','','new2',NULL,NULL,'1'),(7,'MBM202012','WHEEL CHAIRS','WHEEL CHAIRS',NULL,NULL,'1'),(8,'its.jaiganesh@gmail.com','Category','Description',NULL,NULL,'1'),(9,'','','',NULL,NULL,'1'),(10,'AA','CB','ssdf',NULL,NULL,'1');
/*!40000 ALTER TABLE `topcategory` ENABLE KEYS */;
UNLOCK TABLES;

--
-- Table structure for table `transactions`
--

DROP TABLE IF EXISTS `transactions`;
/*!40101 SET @saved_cs_client     = @@character_set_client */;
/*!50503 SET character_set_client = utf8mb4 */;
CREATE TABLE `transactions` (
  `TRANSACTION_ID` int NOT NULL AUTO_INCREMENT,
  `ORDER_ID` int NOT NULL,
  `TRANSACTIONNO` varchar(255) DEFAULT NULL,
  `REFERENCE` varchar(255) DEFAULT NULL,
  `DESCRIPTION` varchar(1000) DEFAULT NULL,
  `STATUS` varchar(45) NOT NULL,
  `FIELD1` varchar(245) DEFAULT NULL,
  `FIELD2` varchar(245) DEFAULT NULL,
  PRIMARY KEY (`TRANSACTION_ID`),
  KEY `TRANSACTIONS_FK2_idx` (`ORDER_ID`),
  CONSTRAINT `TRANSACTIONS_FK2` FOREIGN KEY (`ORDER_ID`) REFERENCES `orders` (`ORDER_ID`)
) ENGINE=InnoDB DEFAULT CHARSET=utf8;
/*!40101 SET character_set_client = @saved_cs_client */;

--
-- Dumping data for table `transactions`
--

LOCK TABLES `transactions` WRITE;
/*!40000 ALTER TABLE `transactions` DISABLE KEYS */;
/*!40000 ALTER TABLE `transactions` ENABLE KEYS */;
UNLOCK TABLES;

--
-- Table structure for table `user`
--

DROP TABLE IF EXISTS `user`;
/*!40101 SET @saved_cs_client     = @@character_set_client */;
/*!50503 SET character_set_client = utf8mb4 */;
CREATE TABLE `user` (
  `USER_ID` int NOT NULL AUTO_INCREMENT,
  `USER_TYPE` varchar(45) NOT NULL,
  `STATUS` varchar(45) NOT NULL,
  `LOGON_ID1` varchar(245) NOT NULL,
  `LOGON_ID2` varchar(255) DEFAULT NULL,
  `LOGON_ID3` varchar(255) DEFAULT NULL,
  `PASSWORD` varchar(245) NOT NULL,
  `PASSWORDSTATE` varchar(45) NOT NULL,
  `RETRYCOUNT` varchar(45) NOT NULL,
  `FIELD1` varchar(245) DEFAULT NULL,
  `FIELD2` varchar(245) DEFAULT NULL,
  `FIELD3` varchar(245) DEFAULT NULL,
  `usr_reward_points` int DEFAULT '0',
  PRIMARY KEY (`USER_ID`,`STATUS`)
) ENGINE=InnoDB AUTO_INCREMENT=61 DEFAULT CHARSET=utf8;
/*!40101 SET character_set_client = @saved_cs_client */;

--
-- Dumping data for table `user`
--

LOCK TABLES `user` WRITE;
/*!40000 ALTER TABLE `user` DISABLE KEYS */;
INSERT INTO `user` VALUES (1,'A','1','mbm_hod1','',NULL,'UEBzc3cwcmQ=','1','0',NULL,NULL,NULL,0),(2,'A','1','mbm_sales_executive1',NULL,NULL,'UEBzc3cwcmQ=','1','0',NULL,NULL,NULL,132249),(3,'A','1','mbm_dealer1',NULL,NULL,'UEBzc3cwcmQ=','1','0','emiratesId.jpg',NULL,NULL,1319),(4,'A','1','mbm_distributor1',NULL,NULL,'UEBzc3cwcmQ=','1','0',NULL,NULL,NULL,8541),(5,'A','0','vipin_se','98989898989','vipin@gmail.com','UEBzc3cwcmQ=','1','0',NULL,NULL,NULL,0),(6,'A','1','mbm_admin1',NULL,NULL,'UEBzc3cwcmQ=','1','0','Icon 3.jpg',NULL,NULL,0),(7,'A','1','uma_se','9178513603','uma@gmail.com','UEBzc3cwcmQ=','1','0',NULL,NULL,NULL,0),(8,'A','1','8056805053','8056805053','TEST0011@gmail.com','UXdlcnR5QDEyMzQ1','1','0',NULL,NULL,NULL,0),(10,'A','1','8056805053','8056805053','ba@gmail.com','UXdlcnR5QDEyMzQ1','1','0',NULL,NULL,NULL,0),(11,'A','1','8056805053','8056805053','sp.jothishkumar29@gmail.com','UXdlcnR5QDEyMzQ1','1','0',NULL,NULL,NULL,0),(12,'A','1','mbmchair_12_SE','','mbmchairavinash@gmail.com','UEBzc3cwcmQ=','1','0',NULL,NULL,NULL,0),(13,'A','1','CB_Sales ','9710942522','test@gmail.com','cGFzcyRxMTIz','1','0',NULL,NULL,NULL,0),(14,'A','1','8056805053','8056805053','sp.jothishkumar29@gmail.com','UXdlcnR5QDEyMzQ1','1','0',NULL,NULL,NULL,0),(15,'A','1','8056805053','8056805053','sp.jothishkumar29@gmail.com','UXdlcnR5QDEyMzQ1','1','0',NULL,NULL,NULL,0),(16,'A','1','8056805053','8056805053','sp.jothishkumar29@gmail.com','UXdlcnR5QDEyMzQ1','1','0',NULL,NULL,NULL,0),(17,'A','1','8056805053','8056805053','sp.jothishkumar29@gmail.com','UXdlcnR5QDEyMzQ1','1','0',NULL,NULL,NULL,0),(18,'A','1','8056805053','8056805053','sp.jothishkumar29@gmail.com','UXdlcnR5QDEyMzQ1','1','0',NULL,NULL,NULL,0),(19,'A','1','8056805053','8056805053','test@mail.com','UXdlcnR5QDEyMzQ1','1','0',NULL,NULL,NULL,0),(20,'A','0','jai','','','','1','0',NULL,NULL,NULL,0),(21,'A','1','jai','','','','1','0',NULL,NULL,NULL,0),(22,'A','1','jai','','','','1','0',NULL,NULL,NULL,0),(23,'A','1','jai','','','cGFzczEyMTI=','1','0',NULL,NULL,NULL,0),(24,'A','1','uss005','9178513603','uma@gmail.com','UEBzc3cwcmQ=','1','0',NULL,'L','2',0),(25,'A','1','other1','9178513603','uma@gmail.com','UEBzc3cwcmQ=','1','0',NULL,'L','2',0),(26,'A','1','mbmchairs_123','','abc@gmail.com','MTIzNDU2Nzg5','1','0',NULL,'L','2',0),(27,'A','1','aomdevuser_id','9178513603','uma@gmail.com','UEBzc3cwcmQ=','1','0',NULL,'L','2',0),(28,'A','0','nmlkjh','07384134971','abc@gmail.com','cXdlcnR5','1','0',NULL,'L',NULL,0),(29,'A','1','itsjaiganesh','','','cGFzcw==','1','0',NULL,'M',NULL,0),(30,'A','0','loginid','','','cGFzcw==','1','0',NULL,'L','2',0),(31,'A','0','itsjaiganesh','','','','1','0',NULL,'L','2',0),(32,'A','1','bakya','','backiyavalli@gmail.com','MTIzNA==','1','0',NULL,'M',NULL,0),(33,'A','1','test','','','MTIzNA==','1','0',NULL,'M',NULL,0),(34,'A','0','dealer','','cb@gmail.com','MTIzNA==','1','0',NULL,'M',NULL,0),(35,'A','1','distributor','','','MTIzNA==','1','0',NULL,'M',NULL,0),(36,'A','0','CB','9846466565','test@gmail.com','MTIzNA==','1','0',NULL,'L','32',0),(37,'A','1','ABC','','abc@gmail.com','MTIzNA==','1','0',NULL,'M',NULL,0),(38,'A','1','jsdn','','','MTIzNA==','1','0',NULL,'M',NULL,0),(39,'A','1','aaa','','vjdb@gmail.com','MTIz','1','0',NULL,'M',NULL,0),(40,'A','1','CB','','cb@gmail.om','MTIzNA==','1','0',NULL,'M',NULL,0),(41,'A','1','sdvdsv','','badhab@gmail.com','c3ZkZHM=','1','0',NULL,'M',NULL,0),(42,'A','1','213','','','','1','0',NULL,'M',NULL,0),(43,'A','1','sdf','','','','1','0',NULL,'M',NULL,0),(44,'A','1','sdf','','','','1','0',NULL,'M',NULL,0),(45,'A','1','1212213','','','','1','0',NULL,'M',NULL,0),(46,'A','1','hjkhjk','','','','1','0',NULL,'M',NULL,0),(47,'A','1','546456','','','','1','0',NULL,'M',NULL,0),(48,'A','1','ghkghkjhk','','','','1','0',NULL,'M',NULL,0),(49,'A','0','','','','','1','0',NULL,'L','2',0),(50,'A','1','itsjaiganesh','','','','1','0',NULL,'M',NULL,0),(51,'A','0','','','','','1','0',NULL,'L','2',0),(52,'A','0','','0987654321','sp.jothishkumar@gmail.com','','1','0',NULL,'L','2',0),(53,'A','0','','undefined','undefined','','1','0',NULL,'L','3',0),(54,'A','0','','undefined','undefined','','1','0',NULL,'L','2',0),(55,'A','0','','9051547754','test@mail.com','','1','0',NULL,'L','2',0),(56,'A','0','','9051547754','test@mail.com','','1','0',NULL,'L','2',0),(57,'A','0','mbm_sales_executive1','9051547754','test@mail.com','','1','0',NULL,'L','2',0),(58,'A','0','test@mail.com','9051547754','test@mail.com','','1','0',NULL,'L','2',0),(59,'A','1','sales_boris_1','9051547754','boris.biswas@gmail.com','dGVzdDEyMzQ=','1','0',NULL,'M',NULL,14830),(60,'A','1','sales_boris_testco','90515477654','boris.biswas+1@gmail.com','dGVzdDEyMzQ=','1','0',NULL,'M',NULL,1387);
/*!40000 ALTER TABLE `user` ENABLE KEYS */;
UNLOCK TABLES;

--
-- Table structure for table `usrrel`
--

DROP TABLE IF EXISTS `usrrel`;
/*!40101 SET @saved_cs_client     = @@character_set_client */;
/*!50503 SET character_set_client = utf8mb4 */;
CREATE TABLE `usrrel` (
  `USRREL_ID` int NOT NULL AUTO_INCREMENT,
  `USER_ID_FROM` int NOT NULL,
  `USER_ID_TO` int NOT NULL,
  PRIMARY KEY (`USRREL_ID`),
  KEY `USRREL_FK1_idx` (`USER_ID_FROM`),
  KEY `USRREL_FK2_idx` (`USER_ID_TO`),
  CONSTRAINT `USRREL_FK1` FOREIGN KEY (`USER_ID_FROM`) REFERENCES `user` (`USER_ID`),
  CONSTRAINT `USRREL_FK2` FOREIGN KEY (`USER_ID_TO`) REFERENCES `user` (`USER_ID`)
) ENGINE=InnoDB AUTO_INCREMENT=19 DEFAULT CHARSET=utf8;
/*!40101 SET character_set_client = @saved_cs_client */;

--
-- Dumping data for table `usrrel`
--

LOCK TABLES `usrrel` WRITE;
/*!40000 ALTER TABLE `usrrel` DISABLE KEYS */;
INSERT INTO `usrrel` VALUES (1,3,2),(2,4,2),(3,4,7),(4,3,8),(5,4,7),(6,4,8),(7,4,7),(8,20,8),(9,20,29),(10,34,32),(11,20,12),(12,3,13),(13,20,2),(14,4,12),(15,20,59),(16,20,60),(17,3,29),(18,45,13);
/*!40000 ALTER TABLE `usrrel` ENABLE KEYS */;
UNLOCK TABLES;

--
-- Table structure for table `usrrole`
--

DROP TABLE IF EXISTS `usrrole`;
/*!40101 SET @saved_cs_client     = @@character_set_client */;
/*!50503 SET character_set_client = utf8mb4 */;
CREATE TABLE `usrrole` (
  `USRROLE_ID` int NOT NULL AUTO_INCREMENT,
  `USER_ID` int NOT NULL,
  `ROLE_ID` int NOT NULL,
  PRIMARY KEY (`USRROLE_ID`),
  KEY `USRROLE_FK1_idx` (`USER_ID`),
  KEY `USRROLE_FK2_idx` (`ROLE_ID`),
  CONSTRAINT `USRROLE_FK1` FOREIGN KEY (`USER_ID`) REFERENCES `user` (`USER_ID`),
  CONSTRAINT `USRROLE_FK2` FOREIGN KEY (`ROLE_ID`) REFERENCES `role` (`ROLE_ID`)
) ENGINE=InnoDB AUTO_INCREMENT=39 DEFAULT CHARSET=utf8;
/*!40101 SET character_set_client = @saved_cs_client */;

--
-- Dumping data for table `usrrole`
--

LOCK TABLES `usrrole` WRITE;
/*!40000 ALTER TABLE `usrrole` DISABLE KEYS */;
INSERT INTO `usrrole` VALUES (1,1,1),(2,2,4),(3,3,5),(4,4,3),(5,5,5),(6,6,2),(7,7,4),(8,8,4),(10,12,4),(11,13,4),(12,20,5),(13,24,11),(14,25,11),(15,26,11),(16,27,12),(17,28,11),(18,29,4),(19,30,3),(20,32,4),(21,33,4),(22,34,5),(23,35,3),(24,36,5),(25,37,5),(26,38,5),(27,39,3),(28,41,4),(29,42,5),(30,43,5),(31,45,5),(32,46,5),(33,47,5),(34,48,5),(35,49,5),(36,58,5),(37,59,4),(38,60,4);
/*!40000 ALTER TABLE `usrrole` ENABLE KEYS */;
UNLOCK TABLES;
SET @@SESSION.SQL_LOG_BIN = @MYSQLDUMP_TEMP_LOG_BIN;
/*!40103 SET TIME_ZONE=@OLD_TIME_ZONE */;

/*!40101 SET SQL_MODE=@OLD_SQL_MODE */;
/*!40014 SET FOREIGN_KEY_CHECKS=@OLD_FOREIGN_KEY_CHECKS */;
/*!40014 SET UNIQUE_CHECKS=@OLD_UNIQUE_CHECKS */;
/*!40101 SET CHARACTER_SET_CLIENT=@OLD_CHARACTER_SET_CLIENT */;
/*!40101 SET CHARACTER_SET_RESULTS=@OLD_CHARACTER_SET_RESULTS */;
/*!40101 SET COLLATION_CONNECTION=@OLD_COLLATION_CONNECTION */;
/*!40111 SET SQL_NOTES=@OLD_SQL_NOTES */;

-- Dump completed on 2021-10-04 11:39:26
